cb8	latin1 ascii n=0	0	0	0	0	31
cb8	latin1 ascii n=1	1	0	0	0	61
cb8	latin1 e-acute n=1	2	0	0	0	162
cb8	latin1 mixed (1 in 8 non-ASCII) n=1	1	0	0	0	61
cb8	latin1 ascii n=2	2	0	0	0	66
cb8	latin1 e-acute n=2	4	0	0	0	207
cb8	latin1 mixed (1 in 8 non-ASCII) n=2	2	0	0	0	66
cb8	latin1 ascii n=3	3	0	0	0	71
cb8	latin1 e-acute n=3	6	0	0	0	252
cb8	latin1 mixed (1 in 8 non-ASCII) n=3	3	0	0	0	71
cb8	latin1 ascii n=4	4	0	0	0	76
cb8	latin1 e-acute n=4	8	0	0	0	297
cb8	latin1 mixed (1 in 8 non-ASCII) n=4	5	0	0	0	204
cb8	latin1 ascii n=5	5	0	0	0	81
cb8	latin1 e-acute n=5	10	0	0	0	342
cb8	latin1 mixed (1 in 8 non-ASCII) n=5	6	0	0	0	233
cb8	latin1 ascii n=6	6	0	0	0	86
cb8	latin1 e-acute n=6	12	0	0	0	387
cb8	latin1 mixed (1 in 8 non-ASCII) n=6	7	0	0	0	262
cb8	latin1 ascii n=7	7	0	0	0	91
cb8	latin1 e-acute n=7	14	0	0	0	432
cb8	latin1 mixed (1 in 8 non-ASCII) n=7	8	0	0	0	291
cb8	latin1 ascii n=8	8	0	0	0	96
cb8	latin1 e-acute n=8	16	0	0	0	477
cb8	latin1 mixed (1 in 8 non-ASCII) n=8	9	0	0	0	320
cb8	latin1 ascii n=9	9	0	0	0	101
cb8	latin1 e-acute n=9	18	0	0	0	522
cb8	latin1 mixed (1 in 8 non-ASCII) n=9	10	0	0	0	349
cb8	latin1 ascii n=12	12	0	0	0	116
cb8	latin1 e-acute n=12	24	0	0	0	657
cb8	latin1 mixed (1 in 8 non-ASCII) n=12	14	0	0	0	452
cb8	latin1 ascii n=15	15	0	0	0	131
cb8	latin1 e-acute n=15	30	0	0	0	792
cb8	latin1 mixed (1 in 8 non-ASCII) n=15	17	0	0	0	539
cb8	latin1 ascii n=16	16	0	0	0	136
cb8	latin1 e-acute n=16	32	0	0	0	837
cb8	latin1 mixed (1 in 8 non-ASCII) n=16	18	0	0	0	568
cb8	latin1 ascii n=17	17	0	0	0	152
cb8	latin1 e-acute n=17	34	0	0	0	882
cb8	latin1 mixed (1 in 8 non-ASCII) n=17	19	0	0	0	597
cb8	latin1 ascii n=24	24	0	0	0	152
cb8	latin1 e-acute n=24	48	0	0	0	1197
cb8	latin1 mixed (1 in 8 non-ASCII) n=24	27	0	0	0	816
cb8	latin1 ascii n=32	32	0	0	0	152
cb8	latin1 e-acute n=32	64	0	0	0	1557
cb8	latin1 mixed (1 in 8 non-ASCII) n=32	36	0	0	0	1064
cb8	latin1 ascii n=64	64	0	0	0	179
cb8	latin1 e-acute n=64	128	0	0	0	2997
cb8	latin1 mixed (1 in 8 non-ASCII) n=64	72	0	0	0	2056
cb8	latin1 ascii n=100	100	0	0	0	206
cb8	latin1 e-acute n=100	200	0	0	0	4617
cb8	latin1 mixed (1 in 8 non-ASCII) n=100	113	0	0	0	3180
cb8	latin1 ascii n=400	400	0	0	0	368
cb8	latin1 e-acute n=400	800	0	0	0	18117
cb8	latin1 mixed (1 in 8 non-ASCII) n=400	450	0	0	0	12472
cb8	latin1 ascii n=512	512	0	0	0	431
cb8	latin1 e-acute n=512	1024	0	0	0	23157
cb8	latin1 mixed (1 in 8 non-ASCII) n=512	576	0	0	0	15944
cb8	latin1 ascii n=513	513	0	0	0	440
cb8	latin1 e-acute n=513	1026	1	1	1026	23259
cb8	latin1 mixed (1 in 8 non-ASCII) n=513	577	0	0	0	15973
cb8	latin1 ascii n=1000	1000	0	0	0	715
cb8	latin1 e-acute n=1000	2000	1	1	2000	45174
cb8	latin1 mixed (1 in 8 non-ASCII) n=1000	1125	1	1	1997	31129
cb8	latin1 ascii n=4096	4096	0	0	0	2447
cb8	latin1 e-acute n=4096	8192	1	1	8192	184494
cb8	latin1 mixed (1 in 8 non-ASCII) n=4096	4608	1	1	8189	127105
cb8	latin1 ascii n=65536	65536	0	0	0	37007
cb8	latin1 e-acute n=65536	131072	1	1	131072	2949294
cb8	latin1 mixed (1 in 8 non-ASCII) n=65536	73728	1	1	131069	2031745
cb16	utf16 ascii n=0	0	0	0	0	35
cb16	utf16 ascii n=1	1	0	0	0	152
cb16	utf16 cyrillic n=1	2	0	0	0	162
cb16	utf16 cjk n=1	3	0	0	0	166
cb16	utf16 mixed n=1	1	0	0	0	152
cb16	utf16 ascii n=2	2	0	0	0	176
cb16	utf16 cyrillic n=2	4	0	0	0	196
cb16	utf16 cjk n=2	6	0	0	0	204
cb16	utf16 mixed n=2	2	0	0	0	176
cb16	utf16 emoji n=2	4	0	0	0	193
cb16	utf16 ascii n=8	8	0	0	0	217
cb16	utf16 cyrillic n=8	16	0	0	0	364
cb16	utf16 cjk n=8	24	0	0	0	396
cb16	utf16 mixed n=8	11	0	0	0	308
cb16	utf16 emoji n=8	16	0	0	0	350
cb16	utf16 ascii n=15	15	0	0	0	367
cb16	utf16 cyrillic n=15	30	0	0	0	622
cb16	utf16 cjk n=15	45	0	0	0	682
cb16	utf16 mixed n=15	21	0	0	0	485
cb16	utf16 ascii n=16	16	0	0	0	306
cb16	utf16 cyrillic n=16	32	0	0	0	603
cb16	utf16 cjk n=16	48	0	0	0	667
cb16	utf16 mixed n=16	22	0	0	0	456
cb16	utf16 emoji n=16	32	0	0	0	573
cb16	utf16 ascii n=17	17	0	0	0	276
cb16	utf16 cyrillic n=17	34	0	0	0	584
cb16	utf16 cjk n=17	51	0	0	0	652
cb16	utf16 mixed n=17	23	0	0	0	395
cb16	utf16 ascii n=32	32	0	0	0	300
cb16	utf16 cyrillic n=32	64	0	0	0	805
cb16	utf16 cjk n=32	96	0	0	0	921
cb16	utf16 mixed n=32	44	0	0	0	587
cb16	utf16 emoji n=32	64	0	0	0	856
cb16	utf16 ascii n=40	40	0	0	0	426
cb16	utf16 cyrillic n=40	80	0	0	0	922
cb16	utf16 cjk n=40	120	0	0	0	1058
cb16	utf16 mixed n=40	55	0	0	0	724
cb16	utf16 emoji n=40	80	0	0	0	1116
cb16	utf16 ascii n=100	100	0	0	0	507
cb16	utf16 cyrillic n=100	200	0	0	0	1124
cb16	utf16 cjk n=100	300	0	0	0	1404
cb16	utf16 mixed n=100	137	0	0	0	1112
cb16	utf16 emoji n=100	200	0	0	0	2286
cb16	utf16 ascii n=340	340	0	0	0	982
cb16	utf16 cyrillic n=340	680	0	0	0	2334
cb16	utf16 cjk n=340	1020	0	0	0	3214
cb16	utf16 mixed n=340	467	0	0	0	2922
cb16	utf16 emoji n=340	680	0	0	0	7096
cb16	utf16 ascii n=341	341	0	0	0	1026
cb16	utf16 cyrillic n=341	682	0	0	0	2389
cb16	utf16 cjk n=341	1023	0	0	0	3273
cb16	utf16 mixed n=341	470	0	0	0	2981
cb16	utf16 ascii n=342	342	0	0	0	1050
cb16	utf16 cyrillic n=342	684	0	0	0	2424
cb16	utf16 cjk n=342	1026	1	1	1026	3367
cb16	utf16 mixed n=342	471	0	0	0	3006
cb16	utf16 emoji n=342	684	0	0	0	7182
cb16	utf16 ascii n=400	400	0	0	0	1027
cb16	utf16 cyrillic n=400	800	0	0	0	2659
cb16	utf16 cjk n=400	1200	1	1	1200	3750
cb16	utf16 mixed n=400	550	0	0	0	3361
cb16	utf16 emoji n=400	800	0	0	0	8230
cb16	utf16 ascii n=512	512	0	0	0	1245
cb16	utf16 cyrillic n=512	1024	0	0	0	3220
cb16	utf16 cjk n=512	1536	1	1	1536	4591
cb16	utf16 mixed n=512	704	0	0	0	4202
cb16	utf16 emoji n=512	1024	0	0	0	10471
cb16	utf16 ascii n=513	513	0	0	0	1294
cb16	utf16 cyrillic n=513	1026	1	1	1026	3335
cb16	utf16 cjk n=513	1539	1	1	1539	4655
cb16	utf16 mixed n=513	705	0	0	0	4220
cb16	utf16 ascii n=1000	1000	0	0	0	2316
cb16	utf16 cyrillic n=1000	2000	1	1	2000	5807
cb16	utf16 cjk n=1000	3000	1	1	3000	8343
cb16	utf16 mixed n=1000	1375	1	1	1375	8009
cb16	utf16 emoji n=1000	2000	1	1	2000	20401
cb16	utf16 ascii n=1024	1024	0	0	0	2253
cb16	utf16 cyrillic n=1024	2048	1	1	2048	5851
cb16	utf16 cjk n=1024	3072	1	1	3072	8447
cb16	utf16 mixed n=1024	1408	1	1	1408	8113
cb16	utf16 emoji n=1024	2048	1	1	2048	20782
cb16	utf16 ascii n=1025	1025	1	1	1025	2357
cb16	utf16 cyrillic n=1025	2050	1	1	2050	5911
cb16	utf16 cjk n=1025	3075	1	1	3075	8511
cb16	utf16 mixed n=1025	1409	1	1	1409	8131
cb16	utf16 ascii n=4096	4096	1	1	4096	8356
cb16	utf16 cyrillic n=4096	8192	1	1	8192	21307
cb16	utf16 cjk n=4096	12288	1	1	12288	31583
cb16	utf16 mixed n=4096	5632	1	1	5632	31249
cb16	utf16 emoji n=4096	8192	1	1	8192	82318
cb16	utf16 ascii n=65536	65536	1	1	65536	129316
cb16	utf16 cyrillic n=65536	131072	1	1	131072	330427
cb16	utf16 cjk n=65536	196608	1	1	196608	494303
cb16	utf16 mixed n=65536	90112	1	1	90112	493969
cb16	utf16 emoji n=65536	131072	1	1	131072	1313038
cb16	utf16 cjk + unpaired at end, lenient n=1	3	0	0	0	353
cb16	utf16 cjk + unpaired at end, strict n=1	-2	0	0	0	392
cb16	utf16 cjk + unpaired at end, replacing n=1	3	0	0	0	355
cb16	utf16 ascii + unpaired at start, lenient n=1	3	0	0	0	353
cb16	utf16 ascii + unpaired at start, strict n=1	-2	0	0	0	392
cb16	utf16 cjk + unpaired at end, lenient n=8	24	0	0	0	1218
cb16	utf16 cjk + unpaired at end, strict n=8	-2	0	0	0	1529
cb16	utf16 cjk + unpaired at end, replacing n=8	24	0	0	0	1220
cb16	utf16 ascii + unpaired at start, lenient n=8	10	0	0	0	638
cb16	utf16 ascii + unpaired at start, strict n=8	-2	0	0	0	489
cb16	utf16 cjk + unpaired at end, lenient n=32	96	0	0	0	3784
cb16	utf16 cjk + unpaired at end, strict n=32	-2	0	0	0	3981
cb16	utf16 cjk + unpaired at end, replacing n=32	96	0	0	0	3786
cb16	utf16 ascii + unpaired at start, lenient n=32	34	0	0	0	1524
cb16	utf16 ascii + unpaired at start, strict n=32	-2	0	0	0	601
cb16	utf16 cjk + unpaired at end, lenient n=341	1023	0	0	0	27590
cb16	utf16 cjk + unpaired at end, strict n=341	-2	0	0	0	32452
cb16	utf16 cjk + unpaired at end, replacing n=341	1023	0	0	0	27592
cb16	utf16 ascii + unpaired at start, lenient n=341	343	0	0	0	12399
cb16	utf16 ascii + unpaired at start, strict n=341	-2	0	0	0	1337
cb16	utf16 cjk + unpaired at end, lenient n=342	1026	2	2	2562	31966
cb16	utf16 cjk + unpaired at end, strict n=342	-2	2	2	2562	36871
cb16	utf16 cjk + unpaired at end, replacing n=342	1026	2	2	2562	31968
cb16	utf16 ascii + unpaired at start, lenient n=342	344	1	1	1536	13907
cb16	utf16 ascii + unpaired at start, strict n=342	-2	1	1	1536	2821
cb16	utf16 cjk + unpaired at end, lenient n=1000	3000	2	2	7497	90694
cb16	utf16 cjk + unpaired at end, strict n=1000	-2	2	2	7497	103866
cb16	utf16 cjk + unpaired at end, replacing n=1000	3000	2	2	7497	90696
cb16	utf16 ascii + unpaired at start, lenient n=1000	1002	1	1	3000	39485
cb16	utf16 ascii + unpaired at start, strict n=1000	-2	1	1	3000	6602
cb16	utf16 cjk + unpaired at end, lenient n=4096	12288	1	1	12289	317402
cb16	utf16 cjk + unpaired at end, strict n=4096	-2	1	1	12289	341601
cb16	utf16 cjk + unpaired at end, replacing n=4096	12288	1	1	12289	317404
cb16	utf16 ascii + unpaired at start, lenient n=4096	4098	2	2	16385	159917
cb16	utf16 ascii + unpaired at start, strict n=4096	-2	2	2	16385	24500
cs8	latin1 ascii n=0	0	1	1	17	105
cs8	latin1 ascii n=1	1	1	1	18	187
cs8	latin1 e-acute n=1	2	1	1	19	299
cs8	latin1 mixed (1 in 8 non-ASCII) n=1	1	1	1	18	187
cs8	latin1 ascii n=2	2	1	1	19	196
cs8	latin1 e-acute n=2	4	1	1	21	352
cs8	latin1 mixed (1 in 8 non-ASCII) n=2	2	1	1	19	196
cs8	latin1 ascii n=3	3	1	1	20	205
cs8	latin1 e-acute n=3	6	1	1	23	405
cs8	latin1 mixed (1 in 8 non-ASCII) n=3	3	1	1	20	205
cs8	latin1 ascii n=4	4	1	1	21	214
cs8	latin1 e-acute n=4	8	1	1	25	458
cs8	latin1 mixed (1 in 8 non-ASCII) n=4	5	1	1	22	353
cs8	latin1 ascii n=5	5	1	1	22	223
cs8	latin1 e-acute n=5	10	1	1	27	511
cs8	latin1 mixed (1 in 8 non-ASCII) n=5	6	1	1	23	386
cs8	latin1 ascii n=6	6	1	1	23	232
cs8	latin1 e-acute n=6	12	1	1	29	564
cs8	latin1 mixed (1 in 8 non-ASCII) n=6	7	1	1	24	419
cs8	latin1 ascii n=7	7	1	1	24	241
cs8	latin1 e-acute n=7	14	1	1	31	617
cs8	latin1 mixed (1 in 8 non-ASCII) n=7	8	1	1	25	452
cs8	latin1 ascii n=8	8	1	1	25	250
cs8	latin1 e-acute n=8	16	1	1	33	670
cs8	latin1 mixed (1 in 8 non-ASCII) n=8	9	1	1	26	485
cs8	latin1 ascii n=9	9	1	1	26	259
cs8	latin1 e-acute n=9	18	1	1	35	723
cs8	latin1 mixed (1 in 8 non-ASCII) n=9	10	1	1	27	518
cs8	latin1 ascii n=12	12	1	1	29	286
cs8	latin1 e-acute n=12	24	1	1	41	882
cs8	latin1 mixed (1 in 8 non-ASCII) n=12	14	1	1	31	637
cs8	latin1 ascii n=15	15	1	1	32	313
cs8	latin1 e-acute n=15	30	1	1	47	1041
cs8	latin1 mixed (1 in 8 non-ASCII) n=15	17	1	1	34	736
cs8	latin1 ascii n=16	16	1	1	33	322
cs8	latin1 e-acute n=16	32	1	1	49	1094
cs8	latin1 mixed (1 in 8 non-ASCII) n=16	18	1	1	35	769
cs8	latin1 ascii n=17	17	1	1	34	342
cs8	latin1 e-acute n=17	34	1	1	51	1147
cs8	latin1 mixed (1 in 8 non-ASCII) n=17	19	1	1	36	802
cs8	latin1 ascii n=24	24	1	1	41	370
cs8	latin1 e-acute n=24	48	1	1	65	1518
cs8	latin1 mixed (1 in 8 non-ASCII) n=24	27	1	1	44	1053
cs8	latin1 ascii n=32	32	1	1	49	402
cs8	latin1 e-acute n=32	64	1	1	81	1942
cs8	latin1 mixed (1 in 8 non-ASCII) n=32	36	1	1	53	1337
cs8	latin1 ascii n=64	64	1	1	81	557
cs8	latin1 e-acute n=64	128	1	1	145	3638
cs8	latin1 mixed (1 in 8 non-ASCII) n=64	72	1	1	89	2473
cs8	latin1 ascii n=100	100	1	1	117	728
cs8	latin1 e-acute n=100	200	1	1	217	5546
cs8	latin1 mixed (1 in 8 non-ASCII) n=100	113	1	1	130	3761
cs8	latin1 ascii n=400	400	1	1	417	2090
cs8	latin1 e-acute n=400	800	1	1	817	21446
cs8	latin1 mixed (1 in 8 non-ASCII) n=400	450	1	1	467	14401
cs8	latin1 ascii n=512	512	1	1	529	2601
cs8	latin1 e-acute n=512	1024	1	1	1041	27382
cs8	latin1 mixed (1 in 8 non-ASCII) n=512	576	1	1	593	18377
cs8	latin1 ascii n=513	513	1	1	530	2614
cs8	latin1 e-acute n=513	1026	2	2	2069	27492
cs8	latin1 mixed (1 in 8 non-ASCII) n=513	577	1	1	594	18410
cs8	latin1 ascii n=1000	1000	1	1	1017	4837
cs8	latin1 e-acute n=1000	2000	2	2	4017	53303
cs8	latin1 mixed (1 in 8 non-ASCII) n=1000	1125	2	2	3139	35758
cs8	latin1 ascii n=4096	4096	1	1	4113	18953
cs8	latin1 e-acute n=4096	8192	2	2	16401	217391
cs8	latin1 mixed (1 in 8 non-ASCII) n=4096	4608	2	2	12814	145666
cs8	latin1 ascii n=65536	65536	1	1	65553	299273
cs8	latin1 e-acute n=65536	131072	2	2	262161	3473711
cs8	latin1 mixed (1 in 8 non-ASCII) n=65536	73728	2	2	204814	2326786
cs16	utf16 ascii n=0	0	1	1	17	109
cs16	utf16 ascii n=1	1	1	1	18	280
cs16	utf16 cyrillic n=1	2	1	1	19	294
cs16	utf16 cjk n=1	3	1	1	20	302
cs16	utf16 mixed n=1	1	1	1	18	280
cs16	utf16 ascii n=2	2	1	1	19	308
cs16	utf16 cyrillic n=2	4	1	1	21	336
cs16	utf16 cjk n=2	6	1	1	23	352
cs16	utf16 mixed n=2	2	1	1	19	308
cs16	utf16 emoji n=2	4	1	1	21	333
cs16	utf16 ascii n=8	8	1	1	25	373
cs16	utf16 cyrillic n=8	16	1	1	33	552
cs16	utf16 cjk n=8	24	1	1	41	616
cs16	utf16 mixed n=8	11	1	1	28	476
cs16	utf16 emoji n=8	16	1	1	33	538
cs16	utf16 ascii n=15	15	1	1	32	551
cs16	utf16 cyrillic n=15	30	1	1	47	866
cs16	utf16 cjk n=15	45	1	1	62	986
cs16	utf16 mixed n=15	21	1	1	38	693
cs16	utf16 ascii n=16	16	1	1	33	494
cs16	utf16 cyrillic n=16	32	1	1	49	855
cs16	utf16 cjk n=16	48	1	1	65	983
cs16	utf16 mixed n=16	22	1	1	39	668
cs16	utf16 emoji n=16	32	1	1	49	825
cs16	utf16 ascii n=17	17	1	1	34	468
cs16	utf16 cyrillic n=17	34	1	1	51	844
cs16	utf16 cjk n=17	51	1	1	68	980
cs16	utf16 mixed n=17	23	1	1	40	611
cs16	utf16 ascii n=32	32	1	1	49	552
cs16	utf16 cyrillic n=32	64	1	1	81	1185
cs16	utf16 cjk n=32	96	1	1	113	1429
cs16	utf16 mixed n=32	44	1	1	61	887
cs16	utf16 emoji n=32	64	1	1	81	1236
cs16	utf16 ascii n=40	40	1	1	57	710
cs16	utf16 cyrillic n=40	80	1	1	97	1366
cs16	utf16 cjk n=40	120	1	1	137	1662
cs16	utf16 mixed n=40	55	1	1	72	1068
cs16	utf16 emoji n=40	80	1	1	97	1560
cs16	utf16 ascii n=100	100	1	1	117	1031
cs16	utf16 cyrillic n=100	200	1	1	217	2048
cs16	utf16 cjk n=100	300	1	1	317	2728
cs16	utf16 mixed n=100	137	1	1	154	1784
cs16	utf16 emoji n=100	200	1	1	217	3210
cs16	utf16 ascii n=340	340	1	1	357	2466
cs16	utf16 cyrillic n=340	680	1	1	697	5178
cs16	utf16 cjk n=340	1020	1	1	1037	7418
cs16	utf16 mixed n=340	467	1	1	484	4914
cs16	utf16 emoji n=340	680	1	1	697	9940
cs16	utf16 ascii n=341	341	1	1	358	2514
cs16	utf16 cyrillic n=341	682	1	1	699	5241
cs16	utf16 cjk n=341	1023	1	1	1040	7489
cs16	utf16 mixed n=341	470	1	1	487	4985
cs16	utf16 ascii n=342	342	1	1	359	2542
cs16	utf16 cyrillic n=342	684	1	1	701	5284
cs16	utf16 cjk n=342	1026	2	2	2069	7595
cs16	utf16 mixed n=342	471	1	1	488	5014
cs16	utf16 emoji n=342	684	1	1	701	10042
cs16	utf16 ascii n=400	400	1	1	417	2751
cs16	utf16 cyrillic n=400	800	1	1	817	5983
cs16	utf16 cjk n=400	1200	2	2	2417	8674
cs16	utf16 mixed n=400	550	1	1	567	5685
cs16	utf16 emoji n=400	800	1	1	817	11554
cs16	utf16 ascii n=512	512	1	1	529	3417
cs16	utf16 cyrillic n=512	1024	1	1	1041	7440
cs16	utf16 cjk n=512	1536	2	2	3089	10859
cs16	utf16 mixed n=512	704	1	1	721	7142
cs16	utf16 emoji n=512	1024	1	1	1041	14691
cs16	utf16 ascii n=513	513	1	1	530	3470
cs16	utf16 cyrillic n=513	1026	2	2	2069	7563
cs16	utf16 cjk n=513	1539	2	2	3095	10935
cs16	utf16 mixed n=513	705	1	1	722	7164
cs16	utf16 ascii n=1000	1000	1	1	1017	6440
cs16	utf16 cyrillic n=1000	2000	2	2	4017	13931
cs16	utf16 cjk n=1000	3000	2	2	6017	20467
cs16	utf16 mixed n=1000	1375	2	2	2767	13633
cs16	utf16 emoji n=1000	2000	2	2	4017	28525
cs16	utf16 ascii n=1024	1024	1	1	1041	6473
cs16	utf16 cyrillic n=1024	2048	2	2	4113	14167
cs16	utf16 cjk n=1024	3072	2	2	6161	20859
cs16	utf16 mixed n=1024	1408	2	2	2833	13869
cs16	utf16 emoji n=1024	2048	2	2	4113	29098
cs16	utf16 ascii n=1025	1025	2	2	2067	6581
cs16	utf16 cyrillic n=1025	2050	2	2	4117	14235
cs16	utf16 cjk n=1025	3075	2	2	6167	20935
cs16	utf16 mixed n=1025	1409	2	2	2835	13891
cs16	utf16 ascii n=4096	4096	2	2	8209	24864
cs16	utf16 cyrillic n=4096	8192	2	2	16401	54199
cs16	utf16 cjk n=4096	12288	2	2	24593	80859
cs16	utf16 mixed n=4096	5632	2	2	11281	53901
cs16	utf16 emoji n=4096	8192	2	2	16401	115210
cs16	utf16 ascii n=65536	65536	2	2	131089	391584
cs16	utf16 cyrillic n=65536	131072	2	2	262161	854839
cs16	utf16 cjk n=65536	196608	2	2	393233	1280859
cs16	utf16 mixed n=65536	90112	2	2	180241	854541
cs16	utf16 emoji n=65536	131072	2	2	262161	1837450
cs16	utf16 cjk + unpaired at end, lenient n=1	3	1	1	20	488
cs16	utf16 cjk + unpaired at end, strict n=1	-2	0	0	0	408
cs16	utf16 cjk + unpaired at end, replacing n=1	3	1	1	20	490
cs16	utf16 ascii + unpaired at start, lenient n=1	3	1	1	20	488
cs16	utf16 ascii + unpaired at start, strict n=1	-2	0	0	0	408
cs16	utf16 cjk + unpaired at end, lenient n=8	24	1	1	41	1437
cs16	utf16 cjk + unpaired at end, strict n=8	-2	0	0	0	1545
cs16	utf16 cjk + unpaired at end, replacing n=8	24	1	1	41	1439
cs16	utf16 ascii + unpaired at start, lenient n=8	10	1	1	27	801
cs16	utf16 ascii + unpaired at start, strict n=8	-2	0	0	0	505
cs16	utf16 cjk + unpaired at end, lenient n=32	96	1	1	113	4291
cs16	utf16 cjk + unpaired at end, strict n=32	-2	0	0	0	3997
cs16	utf16 cjk + unpaired at end, replacing n=32	96	1	1	113	4293
cs16	utf16 ascii + unpaired at start, lenient n=32	34	1	1	51	1783
cs16	utf16 ascii + unpaired at start, strict n=32	-2	0	0	0	617
cs16	utf16 cjk + unpaired at end, lenient n=341	1023	1	1	1040	31805
cs16	utf16 cjk + unpaired at end, strict n=341	-2	0	0	0	32468
cs16	utf16 cjk + unpaired at end, replacing n=341	1023	1	1	1040	31807
cs16	utf16 ascii + unpaired at start, lenient n=341	343	1	1	360	13894
cs16	utf16 ascii + unpaired at start, strict n=341	-2	0	0	0	1353
cs16	utf16 cjk + unpaired at end, lenient n=342	1026	3	3	3605	36193
cs16	utf16 cjk + unpaired at end, strict n=342	-2	2	2	2562	36888
cs16	utf16 cjk + unpaired at end, replacing n=342	1026	3	3	3605	36195
cs16	utf16 ascii + unpaired at start, lenient n=342	344	2	2	1897	15406
cs16	utf16 ascii + unpaired at start, strict n=342	-2	1	1	1536	2838
cs16	utf16 cjk + unpaired at end, lenient n=1000	3000	3	3	10514	102817
cs16	utf16 cjk + unpaired at end, strict n=1000	-2	2	2	7497	103883
cs16	utf16 cjk + unpaired at end, replacing n=1000	3000	3	3	10514	102819
cs16	utf16 ascii + unpaired at start, lenient n=1000	1002	2	2	4019	43616
cs16	utf16 ascii + unpaired at start, strict n=1000	-2	1	1	3000	6619
cs16	utf16 cjk + unpaired at end, lenient n=4096	12288	2	2	24594	366677
cs16	utf16 cjk + unpaired at end, strict n=4096	-2	1	1	12289	341618
cs16	utf16 cjk + unpaired at end, replacing n=4096	12288	2	2	24594	366679
cs16	utf16 ascii + unpaired at start, lenient n=4096	4098	3	3	20500	176432
cs16	utf16 ascii + unpaired at start, strict n=4096	-2	2	2	16385	24517
