cb8	latin1 ascii n=0	0	0	0	0	30
cb8	latin1 ascii n=1	1	0	0	0	79
cb8	latin1 e-acute n=1	2	0	0	0	95
cb8	latin1 mixed (1 in 8 non-ASCII) n=1	1	0	0	0	79
cb8	latin1 ascii n=2	2	0	0	0	105
cb8	latin1 e-acute n=2	4	0	0	0	137
cb8	latin1 mixed (1 in 8 non-ASCII) n=2	2	0	0	0	105
cb8	latin1 ascii n=3	3	0	0	0	131
cb8	latin1 e-acute n=3	6	0	0	0	179
cb8	latin1 mixed (1 in 8 non-ASCII) n=3	3	0	0	0	131
cb8	latin1 ascii n=4	4	0	0	0	157
cb8	latin1 e-acute n=4	8	0	0	0	221
cb8	latin1 mixed (1 in 8 non-ASCII) n=4	5	0	0	0	173
cb8	latin1 ascii n=5	5	0	0	0	183
cb8	latin1 e-acute n=5	10	0	0	0	263
cb8	latin1 mixed (1 in 8 non-ASCII) n=5	6	0	0	0	199
cb8	latin1 ascii n=6	6	0	0	0	209
cb8	latin1 e-acute n=6	12	0	0	0	305
cb8	latin1 mixed (1 in 8 non-ASCII) n=6	7	0	0	0	225
cb8	latin1 ascii n=7	7	0	0	0	235
cb8	latin1 e-acute n=7	14	0	0	0	347
cb8	latin1 mixed (1 in 8 non-ASCII) n=7	8	0	0	0	251
cb8	latin1 ascii n=8	8	0	0	0	261
cb8	latin1 e-acute n=8	16	0	0	0	389
cb8	latin1 mixed (1 in 8 non-ASCII) n=8	9	0	0	0	277
cb8	latin1 ascii n=9	9	0	0	0	287
cb8	latin1 e-acute n=9	18	0	0	0	431
cb8	latin1 mixed (1 in 8 non-ASCII) n=9	10	0	0	0	303
cb8	latin1 ascii n=12	12	0	0	0	365
cb8	latin1 e-acute n=12	24	0	0	0	557
cb8	latin1 mixed (1 in 8 non-ASCII) n=12	14	0	0	0	397
cb8	latin1 ascii n=15	15	0	0	0	443
cb8	latin1 e-acute n=15	30	0	0	0	683
cb8	latin1 mixed (1 in 8 non-ASCII) n=15	17	0	0	0	475
cb8	latin1 ascii n=16	16	0	0	0	469
cb8	latin1 e-acute n=16	32	0	0	0	725
cb8	latin1 mixed (1 in 8 non-ASCII) n=16	18	0	0	0	501
cb8	latin1 ascii n=17	17	0	0	0	495
cb8	latin1 e-acute n=17	34	0	0	0	767
cb8	latin1 mixed (1 in 8 non-ASCII) n=17	19	0	0	0	527
cb8	latin1 ascii n=24	24	0	0	0	677
cb8	latin1 e-acute n=24	48	0	0	0	1061
cb8	latin1 mixed (1 in 8 non-ASCII) n=24	27	0	0	0	725
cb8	latin1 ascii n=32	32	0	0	0	885
cb8	latin1 e-acute n=32	64	0	0	0	1397
cb8	latin1 mixed (1 in 8 non-ASCII) n=32	36	0	0	0	949
cb8	latin1 ascii n=64	64	0	0	0	1717
cb8	latin1 e-acute n=64	128	0	0	0	2741
cb8	latin1 mixed (1 in 8 non-ASCII) n=64	72	0	0	0	1845
cb8	latin1 ascii n=100	100	0	0	0	2653
cb8	latin1 e-acute n=100	200	0	0	0	4253
cb8	latin1 mixed (1 in 8 non-ASCII) n=100	113	0	0	0	2861
cb8	latin1 ascii n=400	400	0	0	0	10453
cb8	latin1 e-acute n=400	800	0	0	0	16853
cb8	latin1 mixed (1 in 8 non-ASCII) n=400	450	0	0	0	11253
cb8	latin1 ascii n=512	512	0	0	0	13365
cb8	latin1 e-acute n=512	1024	0	0	0	21557
cb8	latin1 mixed (1 in 8 non-ASCII) n=512	576	0	0	0	14389
cb8	latin1 ascii n=513	513	1	1	1026	13425
cb8	latin1 e-acute n=513	1026	1	1	1026	21633
cb8	latin1 mixed (1 in 8 non-ASCII) n=513	577	1	1	1026	14449
cb8	latin1 ascii n=1000	1000	1	1	2000	26087
cb8	latin1 e-acute n=1000	2000	1	1	2000	42087
cb8	latin1 mixed (1 in 8 non-ASCII) n=1000	1125	1	1	2000	28087
cb8	latin1 ascii n=4096	4096	1	1	8192	106583
cb8	latin1 e-acute n=4096	8192	1	1	8192	172119
cb8	latin1 mixed (1 in 8 non-ASCII) n=4096	4608	1	1	8192	114775
cb16	utf16 ascii n=0	0	0	0	0	30
cb16	utf16 ascii n=1	1	0	0	0	194
cb16	utf16 cyrillic n=1	2	0	0	0	207
cb16	utf16 cjk n=1	3	0	0	0	245
cb16	utf16 mixed n=1	1	0	0	0	194
cb16	utf16 ascii n=2	2	0	0	0	213
cb16	utf16 cyrillic n=2	4	0	0	0	226
cb16	utf16 cjk n=2	6	0	0	0	264
cb16	utf16 mixed n=2	2	0	0	0	213
cb16	utf16 emoji n=2	4	0	0	0	262
cb16	utf16 ascii n=8	8	0	0	0	327
cb16	utf16 cyrillic n=8	16	0	0	0	340
cb16	utf16 cjk n=8	24	0	0	0	378
cb16	utf16 mixed n=8	11	0	0	0	378
cb16	utf16 emoji n=8	16	0	0	0	322
cb16	utf16 ascii n=15	15	0	0	0	460
cb16	utf16 cyrillic n=15	30	0	0	0	473
cb16	utf16 cjk n=15	45	0	0	0	511
cb16	utf16 mixed n=15	21	0	0	0	511
cb16	utf16 ascii n=16	16	0	0	0	479
cb16	utf16 cyrillic n=16	32	0	0	0	492
cb16	utf16 cjk n=16	48	0	0	0	530
cb16	utf16 mixed n=16	22	0	0	0	530
cb16	utf16 emoji n=16	32	0	0	0	402
cb16	utf16 ascii n=17	17	0	0	0	498
cb16	utf16 cyrillic n=17	34	0	0	0	511
cb16	utf16 cjk n=17	51	0	0	0	549
cb16	utf16 mixed n=17	23	0	0	0	549
cb16	utf16 ascii n=32	32	0	0	0	793
cb16	utf16 cyrillic n=32	64	0	0	0	819
cb16	utf16 cjk n=32	96	0	0	0	895
cb16	utf16 mixed n=32	44	0	0	0	844
cb16	utf16 emoji n=32	64	0	0	0	639
cb16	utf16 ascii n=40	40	0	0	0	222
cb16	utf16 cyrillic n=40	80	0	0	0	248
cb16	utf16 cjk n=40	120	0	0	0	324
cb16	utf16 mixed n=40	55	0	0	0	324
cb16	utf16 emoji n=40	80	0	0	0	356
cb16	utf16 ascii n=100	100	0	0	0	301
cb16	utf16 cyrillic n=100	200	0	0	0	353
cb16	utf16 cjk n=100	300	0	0	0	489
cb16	utf16 mixed n=100	137	0	0	0	451
cb16	utf16 emoji n=100	200	0	0	0	553
cb16	utf16 ascii n=340	340	0	0	0	539
cb16	utf16 cyrillic n=340	680	0	0	0	682
cb16	utf16 cjk n=340	1020	0	0	0	1028
cb16	utf16 mixed n=340	467	0	0	0	1028
cb16	utf16 emoji n=340	680	0	0	0	1204
cb16	utf16 ascii n=341	341	0	0	0	539
cb16	utf16 cyrillic n=341	682	0	0	0	682
cb16	utf16 cjk n=341	1023	0	0	0	1028
cb16	utf16 mixed n=341	470	0	0	0	1028
cb16	utf16 ascii n=342	342	0	0	0	557
cb16	utf16 cyrillic n=342	684	0	0	0	713
cb16	utf16 cjk n=342	1026	1	1	1026	1121
cb16	utf16 mixed n=342	471	0	0	0	1038
cb16	utf16 emoji n=342	684	0	0	0	1281
cb16	utf16 ascii n=400	400	0	0	0	606
cb16	utf16 cyrillic n=400	800	0	0	0	775
cb16	utf16 cjk n=400	1200	1	1	1200	1213
cb16	utf16 mixed n=400	550	0	0	0	1181
cb16	utf16 emoji n=400	800	0	0	0	1389
cb16	utf16 ascii n=512	512	0	0	0	740
cb16	utf16 cyrillic n=512	1024	0	0	0	961
cb16	utf16 cjk n=512	1536	1	1	1536	1519
cb16	utf16 mixed n=512	704	0	0	0	1487
cb16	utf16 emoji n=512	1024	0	0	0	1759
cb16	utf16 ascii n=513	513	0	0	0	740
cb16	utf16 cyrillic n=513	1026	1	1	1026	993
cb16	utf16 cjk n=513	1539	1	1	1539	1519
cb16	utf16 mixed n=513	705	0	0	0	1487
cb16	utf16 ascii n=1000	1000	0	0	0	1257
cb16	utf16 cyrillic n=1000	2000	1	1	2000	1718
cb16	utf16 cjk n=1000	3000	1	1	3000	2724
cb16	utf16 mixed n=1000	1375	1	1	1375	2724
cb16	utf16 emoji n=1000	2000	1	1	2000	3252
cb16	utf16 ascii n=1024	1024	0	0	0	1294
cb16	utf16 cyrillic n=1024	2048	1	1	2048	1768
cb16	utf16 cjk n=1024	3072	1	1	3072	2804
cb16	utf16 mixed n=1024	1408	1	1	1408	2753
cb16	utf16 emoji n=1024	2048	1	1	2048	3348
cb16	utf16 ascii n=1025	1025	1	1	1025	1326
cb16	utf16 cyrillic n=1025	2050	1	1	2050	1768
cb16	utf16 cjk n=1025	3075	1	1	3075	2804
cb16	utf16 mixed n=1025	1409	1	1	1409	2753
cb16	utf16 ascii n=4096	4096	1	1	4096	4596
cb16	utf16 cyrillic n=4096	8192	1	1	8192	6325
cb16	utf16 cjk n=4096	12288	1	1	12288	10331
cb16	utf16 mixed n=4096	5632	1	1	5632	10331
cb16	utf16 emoji n=4096	8192	1	1	8192	12459
cb16	utf16 cjk + unpaired at end, lenient n=1	3	0	0	0	358
cb16	utf16 cjk + unpaired at end, strict n=1	-2	0	0	0	283
cb16	utf16 cjk + unpaired at end, replacing n=1	3	0	0	0	358
cb16	utf16 ascii + unpaired at start, lenient n=1	3	0	0	0	353
cb16	utf16 ascii + unpaired at start, strict n=1	-2	0	0	0	278
cb16	utf16 cjk + unpaired at end, lenient n=8	24	0	0	0	779
cb16	utf16 cjk + unpaired at end, strict n=8	-2	0	0	0	475
cb16	utf16 cjk + unpaired at end, replacing n=8	24	0	0	0	779
cb16	utf16 ascii + unpaired at start, lenient n=8	10	0	0	0	563
cb16	utf16 ascii + unpaired at start, strict n=8	-2	0	0	0	416
cb16	utf16 cjk + unpaired at end, lenient n=32	96	0	0	0	2029
cb16	utf16 cjk + unpaired at end, strict n=32	-2	0	0	0	933
cb16	utf16 cjk + unpaired at end, replacing n=32	96	0	0	0	2029
cb16	utf16 ascii + unpaired at start, lenient n=32	34	0	0	0	1126
cb16	utf16 ascii + unpaired at start, strict n=32	-2	0	0	0	859
cb16	utf16 cjk + unpaired at end, lenient n=341	1023	0	0	0	12428
cb16	utf16 cjk + unpaired at end, strict n=341	-2	0	0	0	1130
cb16	utf16 cjk + unpaired at end, replacing n=341	1023	0	0	0	12428
cb16	utf16 ascii + unpaired at start, lenient n=341	343	0	0	0	2238
cb16	utf16 ascii + unpaired at start, strict n=341	-2	0	0	0	453
cb16	utf16 cjk + unpaired at end, lenient n=342	1026	2	2	2051	12576
cb16	utf16 cjk + unpaired at end, strict n=342	-2	1	1	1025	1165
cb16	utf16 cjk + unpaired at end, replacing n=342	1026	2	2	2051	12576
cb16	utf16 ascii + unpaired at start, lenient n=342	344	1	1	1026	2321
cb16	utf16 ascii + unpaired at start, strict n=342	-2	0	0	0	453
cb16	utf16 cjk + unpaired at end, lenient n=1000	3000	2	2	5999	35952
cb16	utf16 cjk + unpaired at end, strict n=1000	-2	1	1	2999	2827
cb16	utf16 cjk + unpaired at end, replacing n=1000	3000	2	2	5999	35952
cb16	utf16 ascii + unpaired at start, lenient n=1000	1002	1	1	3000	5951
cb16	utf16 ascii + unpaired at start, strict n=1000	-2	0	0	0	775
cb16	utf16 cjk + unpaired at end, lenient n=4096	12288	2	2	24575	145727
cb16	utf16 cjk + unpaired at end, strict n=4096	-2	1	1	12287	10434
cb16	utf16 cjk + unpaired at end, replacing n=4096	12288	2	2	24575	145727
cb16	utf16 ascii + unpaired at start, lenient n=4096	4098	2	2	16385	22982
cb16	utf16 ascii + unpaired at start, strict n=4096	-2	1	1	4097	2315
cs8	latin1 ascii n=0	0	1	1	17	87
cs8	latin1 ascii n=1	1	1	1	18	177
cs8	latin1 e-acute n=1	2	1	1	19	194
cs8	latin1 mixed (1 in 8 non-ASCII) n=1	1	1	1	18	177
cs8	latin1 ascii n=2	2	1	1	19	204
cs8	latin1 e-acute n=2	4	1	1	21	238
cs8	latin1 mixed (1 in 8 non-ASCII) n=2	2	1	1	19	204
cs8	latin1 ascii n=3	3	1	1	20	231
cs8	latin1 e-acute n=3	6	1	1	23	282
cs8	latin1 mixed (1 in 8 non-ASCII) n=3	3	1	1	20	231
cs8	latin1 ascii n=4	4	1	1	21	258
cs8	latin1 e-acute n=4	8	1	1	25	326
cs8	latin1 mixed (1 in 8 non-ASCII) n=4	5	1	1	22	275
cs8	latin1 ascii n=5	5	1	1	22	285
cs8	latin1 e-acute n=5	10	1	1	27	370
cs8	latin1 mixed (1 in 8 non-ASCII) n=5	6	1	1	23	302
cs8	latin1 ascii n=6	6	1	1	23	312
cs8	latin1 e-acute n=6	12	1	1	29	414
cs8	latin1 mixed (1 in 8 non-ASCII) n=6	7	1	1	24	329
cs8	latin1 ascii n=7	7	1	1	24	339
cs8	latin1 e-acute n=7	14	1	1	31	458
cs8	latin1 mixed (1 in 8 non-ASCII) n=7	8	1	1	25	356
cs8	latin1 ascii n=8	8	1	1	25	366
cs8	latin1 e-acute n=8	16	1	1	33	502
cs8	latin1 mixed (1 in 8 non-ASCII) n=8	9	1	1	26	383
cs8	latin1 ascii n=9	9	1	1	26	393
cs8	latin1 e-acute n=9	18	1	1	35	546
cs8	latin1 mixed (1 in 8 non-ASCII) n=9	10	1	1	27	410
cs8	latin1 ascii n=12	12	1	1	29	474
cs8	latin1 e-acute n=12	24	1	1	41	678
cs8	latin1 mixed (1 in 8 non-ASCII) n=12	14	1	1	31	508
cs8	latin1 ascii n=15	15	1	1	32	555
cs8	latin1 e-acute n=15	30	1	1	47	810
cs8	latin1 mixed (1 in 8 non-ASCII) n=15	17	1	1	34	589
cs8	latin1 ascii n=16	16	1	1	33	582
cs8	latin1 e-acute n=16	32	1	1	49	854
cs8	latin1 mixed (1 in 8 non-ASCII) n=16	18	1	1	35	616
cs8	latin1 ascii n=17	17	1	1	34	609
cs8	latin1 e-acute n=17	34	1	1	51	898
cs8	latin1 mixed (1 in 8 non-ASCII) n=17	19	1	1	36	643
cs8	latin1 ascii n=24	24	1	1	41	798
cs8	latin1 e-acute n=24	48	1	1	65	1206
cs8	latin1 mixed (1 in 8 non-ASCII) n=24	27	1	1	44	849
cs8	latin1 ascii n=32	32	1	1	49	1014
cs8	latin1 e-acute n=32	64	1	1	81	1558
cs8	latin1 mixed (1 in 8 non-ASCII) n=32	36	1	1	53	1082
cs8	latin1 ascii n=64	64	1	1	81	1878
cs8	latin1 e-acute n=64	128	1	1	145	2966
cs8	latin1 mixed (1 in 8 non-ASCII) n=64	72	1	1	89	2014
cs8	latin1 ascii n=100	100	1	1	117	2850
cs8	latin1 e-acute n=100	200	1	1	217	4550
cs8	latin1 mixed (1 in 8 non-ASCII) n=100	113	1	1	130	3071
cs8	latin1 ascii n=400	400	1	1	417	10950
cs8	latin1 e-acute n=400	800	1	1	817	17750
cs8	latin1 mixed (1 in 8 non-ASCII) n=400	450	1	1	467	11800
cs8	latin1 ascii n=512	512	1	1	529	13974
cs8	latin1 e-acute n=512	1024	1	1	1041	22678
cs8	latin1 mixed (1 in 8 non-ASCII) n=512	576	1	1	593	15062
cs8	latin1 ascii n=513	513	2	2	1556	14035
cs8	latin1 e-acute n=513	1026	2	2	2069	22756
cs8	latin1 mixed (1 in 8 non-ASCII) n=513	577	2	2	1620	15123
cs8	latin1 ascii n=1000	1000	2	2	3017	27184
cs8	latin1 e-acute n=1000	2000	2	2	4017	44184
cs8	latin1 mixed (1 in 8 non-ASCII) n=1000	1125	2	2	3142	29309
cs8	latin1 ascii n=4096	4096	2	2	12305	110776
cs8	latin1 e-acute n=4096	8192	2	2	16401	180408
cs8	latin1 mixed (1 in 8 non-ASCII) n=4096	4608	2	2	12817	119480
cs16	utf16 ascii n=0	0	1	1	17	89
cs16	utf16 ascii n=1	1	1	1	18	288
cs16	utf16 cyrillic n=1	2	1	1	19	302
cs16	utf16 cjk n=1	3	1	1	20	341
cs16	utf16 mixed n=1	1	1	1	18	288
cs16	utf16 ascii n=2	2	1	1	19	308
cs16	utf16 cyrillic n=2	4	1	1	21	323
cs16	utf16 cjk n=2	6	1	1	23	363
cs16	utf16 mixed n=2	2	1	1	19	308
cs16	utf16 emoji n=2	4	1	1	21	359
cs16	utf16 ascii n=8	8	1	1	25	428
cs16	utf16 cyrillic n=8	16	1	1	33	449
cs16	utf16 cjk n=8	24	1	1	41	495
cs16	utf16 mixed n=8	11	1	1	28	482
cs16	utf16 emoji n=8	16	1	1	33	431
cs16	utf16 ascii n=15	15	1	1	32	568
cs16	utf16 cyrillic n=15	30	1	1	47	596
cs16	utf16 cjk n=15	45	1	1	62	649
cs16	utf16 mixed n=15	21	1	1	38	625
cs16	utf16 ascii n=16	16	1	1	33	588
cs16	utf16 cyrillic n=16	32	1	1	49	617
cs16	utf16 cjk n=16	48	1	1	65	671
cs16	utf16 mixed n=16	22	1	1	39	645
cs16	utf16 emoji n=16	32	1	1	49	527
cs16	utf16 ascii n=17	17	1	1	34	608
cs16	utf16 cyrillic n=17	34	1	1	51	638
cs16	utf16 cjk n=17	51	1	1	68	693
cs16	utf16 mixed n=17	23	1	1	40	665
cs16	utf16 ascii n=32	32	1	1	49	918
cs16	utf16 cyrillic n=32	64	1	1	81	976
cs16	utf16 cjk n=32	96	1	1	113	1084
cs16	utf16 mixed n=32	44	1	1	61	981
cs16	utf16 emoji n=32	64	1	1	81	796
cs16	utf16 ascii n=40	40	1	1	57	355
cs16	utf16 cyrillic n=40	80	1	1	97	421
cs16	utf16 cjk n=40	120	1	1	137	537
cs16	utf16 mixed n=40	55	1	1	72	472
cs16	utf16 emoji n=40	80	1	1	97	529
cs16	utf16 ascii n=100	100	1	1	117	494
cs16	utf16 cyrillic n=100	200	1	1	217	646
cs16	utf16 cjk n=100	300	1	1	317	882
cs16	utf16 mixed n=100	137	1	1	154	681
cs16	utf16 emoji n=100	200	1	1	217	846
cs16	utf16 ascii n=340	340	1	1	357	972
cs16	utf16 cyrillic n=340	680	1	1	697	1455
cs16	utf16 cjk n=340	1020	1	1	1037	2141
cs16	utf16 mixed n=340	467	1	1	484	1588
cs16	utf16 emoji n=340	680	1	1	697	1977
cs16	utf16 ascii n=341	341	1	1	358	973
cs16	utf16 cyrillic n=341	682	1	1	699	1457
cs16	utf16 cjk n=341	1023	1	1	1040	2144
cs16	utf16 mixed n=341	470	1	1	487	1591
cs16	utf16 ascii n=342	342	1	1	359	992
cs16	utf16 cyrillic n=342	684	1	1	701	1490
cs16	utf16 cjk n=342	1026	2	2	2069	2241
cs16	utf16 mixed n=342	471	1	1	488	1602
cs16	utf16 emoji n=342	684	1	1	701	2058
cs16	utf16 ascii n=400	400	1	1	417	1099
cs16	utf16 cyrillic n=400	800	1	1	817	1668
cs16	utf16 cjk n=400	1200	2	2	2417	2507
cs16	utf16 mixed n=400	550	1	1	567	1824
cs16	utf16 emoji n=400	800	1	1	817	2282
cs16	utf16 ascii n=512	512	1	1	529	1345
cs16	utf16 cyrillic n=512	1024	1	1	1041	2078
cs16	utf16 cjk n=512	1536	2	2	3089	3149
cs16	utf16 mixed n=512	704	1	1	721	2284
cs16	utf16 emoji n=512	1024	1	1	1041	2876
cs16	utf16 ascii n=513	513	1	1	530	1346
cs16	utf16 cyrillic n=513	1026	2	2	2069	2113
cs16	utf16 cjk n=513	1539	2	2	3095	3152
cs16	utf16 mixed n=513	705	1	1	722	2285
cs16	utf16 ascii n=1000	1000	1	1	1017	2350
cs16	utf16 cyrillic n=1000	2000	2	2	4017	3812
cs16	utf16 cjk n=1000	3000	2	2	6017	5818
cs16	utf16 mixed n=1000	1375	2	2	2767	4193
cs16	utf16 emoji n=1000	2000	2	2	4017	5346
cs16	utf16 ascii n=1024	1024	1	1	1041	2411
cs16	utf16 cyrillic n=1024	2048	2	2	4113	3910
cs16	utf16 cjk n=1024	3072	2	2	6161	5970
cs16	utf16 mixed n=1024	1408	2	2	2833	4255
cs16	utf16 emoji n=1024	2048	2	2	4113	5490
cs16	utf16 ascii n=1025	1025	2	2	2067	2445
cs16	utf16 cyrillic n=1025	2050	2	2	4117	3912
cs16	utf16 cjk n=1025	3075	2	2	6167	5973
cs16	utf16 mixed n=1025	1409	2	2	2835	4256
cs16	utf16 ascii n=4096	4096	2	2	8209	8786
cs16	utf16 cyrillic n=4096	8192	2	2	16401	14611
cs16	utf16 cjk n=4096	12288	2	2	24593	22713
cs16	utf16 mixed n=4096	5632	2	2	11281	16057
cs16	utf16 emoji n=4096	8192	2	2	16401	20745
cs16	utf16 cjk + unpaired at end, lenient n=1	3	1	1	20	455
cs16	utf16 cjk + unpaired at end, strict n=1	-2	0	0	0	301
cs16	utf16 cjk + unpaired at end, replacing n=1	3	1	1	20	455
cs16	utf16 ascii + unpaired at start, lenient n=1	3	1	1	20	450
cs16	utf16 ascii + unpaired at start, strict n=1	-2	0	0	0	296
cs16	utf16 cjk + unpaired at end, lenient n=8	24	1	1	41	897
cs16	utf16 cjk + unpaired at end, strict n=8	-2	0	0	0	493
cs16	utf16 cjk + unpaired at end, replacing n=8	24	1	1	41	897
cs16	utf16 ascii + unpaired at start, lenient n=8	10	1	1	27	667
cs16	utf16 ascii + unpaired at start, strict n=8	-2	0	0	0	434
cs16	utf16 cjk + unpaired at end, lenient n=32	96	1	1	113	2219
cs16	utf16 cjk + unpaired at end, strict n=32	-2	0	0	0	951
cs16	utf16 cjk + unpaired at end, replacing n=32	96	1	1	113	2219
cs16	utf16 ascii + unpaired at start, lenient n=32	34	1	1	51	1254
cs16	utf16 ascii + unpaired at start, strict n=32	-2	0	0	0	877
cs16	utf16 cjk + unpaired at end, lenient n=341	1023	1	1	1040	13545
cs16	utf16 cjk + unpaired at end, strict n=341	-2	0	0	0	1148
cs16	utf16 cjk + unpaired at end, replacing n=341	1023	1	1	1040	13545
cs16	utf16 ascii + unpaired at start, lenient n=341	343	1	1	360	2675
cs16	utf16 ascii + unpaired at start, strict n=341	-2	0	0	0	471
cs16	utf16 cjk + unpaired at end, lenient n=342	1026	3	3	3094	13697
cs16	utf16 cjk + unpaired at end, strict n=342	-2	1	1	1025	1183
cs16	utf16 cjk + unpaired at end, replacing n=342	1026	3	3	3094	13697
cs16	utf16 ascii + unpaired at start, lenient n=342	344	2	2	1387	2760
cs16	utf16 ascii + unpaired at start, strict n=342	-2	0	0	0	471
cs16	utf16 cjk + unpaired at end, lenient n=1000	3000	3	3	9016	39047
cs16	utf16 cjk + unpaired at end, strict n=1000	-2	1	1	2999	2845
cs16	utf16 cjk + unpaired at end, replacing n=1000	3000	3	3	9016	39047
cs16	utf16 ascii + unpaired at start, lenient n=1000	1002	2	2	4019	7048
cs16	utf16 ascii + unpaired at start, strict n=1000	-2	0	0	0	793
cs16	utf16 cjk + unpaired at end, lenient n=4096	12288	3	3	36880	158110
cs16	utf16 cjk + unpaired at end, strict n=4096	-2	1	1	12287	10452
cs16	utf16 cjk + unpaired at end, replacing n=4096	12288	3	3	36880	158110
cs16	utf16 ascii + unpaired at start, lenient n=4096	4098	3	3	20500	27175
cs16	utf16 ascii + unpaired at start, strict n=4096	-2	1	1	4097	2333
