cb8	latin1 ascii n=0	0	0	0	0	28
cb8	latin1 ascii n=1	1	0	0	0	51
cb8	latin1 e-acute n=1	2	0	0	0	56
cb8	latin1 mixed (1 in 8 non-ASCII) n=1	1	0	0	0	51
cb8	latin1 ascii n=2	2	0	0	0	61
cb8	latin1 e-acute n=2	4	0	0	0	73
cb8	latin1 mixed (1 in 8 non-ASCII) n=2	2	0	0	0	61
cb8	latin1 ascii n=3	3	0	0	0	66
cb8	latin1 e-acute n=3	6	0	0	0	83
cb8	latin1 mixed (1 in 8 non-ASCII) n=3	3	0	0	0	66
cb8	latin1 ascii n=4	4	0	0	0	74
cb8	latin1 e-acute n=4	8	0	0	0	98
cb8	latin1 mixed (1 in 8 non-ASCII) n=4	5	0	0	0	81
cb8	latin1 ascii n=5	5	0	0	0	79
cb8	latin1 e-acute n=5	10	0	0	0	108
cb8	latin1 mixed (1 in 8 non-ASCII) n=5	6	0	0	0	85
cb8	latin1 ascii n=6	6	0	0	0	87
cb8	latin1 e-acute n=6	12	0	0	0	123
cb8	latin1 mixed (1 in 8 non-ASCII) n=6	7	0	0	0	94
cb8	latin1 ascii n=7	7	0	0	0	92
cb8	latin1 e-acute n=7	14	0	0	0	133
cb8	latin1 mixed (1 in 8 non-ASCII) n=7	8	0	0	0	98
cb8	latin1 ascii n=8	8	0	0	0	100
cb8	latin1 e-acute n=8	16	0	0	0	148
cb8	latin1 mixed (1 in 8 non-ASCII) n=8	9	0	0	0	107
cb8	latin1 ascii n=9	9	0	0	0	105
cb8	latin1 e-acute n=9	18	0	0	0	158
cb8	latin1 mixed (1 in 8 non-ASCII) n=9	10	0	0	0	111
cb8	latin1 ascii n=12	12	0	0	0	126
cb8	latin1 e-acute n=12	24	0	0	0	198
cb8	latin1 mixed (1 in 8 non-ASCII) n=12	14	0	0	0	140
cb8	latin1 ascii n=15	15	0	0	0	144
cb8	latin1 e-acute n=15	30	0	0	0	233
cb8	latin1 mixed (1 in 8 non-ASCII) n=15	17	0	0	0	156
cb8	latin1 ascii n=16	16	0	0	0	83
cb8	latin1 e-acute n=16	32	0	0	0	272
cb8	latin1 mixed (1 in 8 non-ASCII) n=16	18	0	0	0	244
cb8	latin1 ascii n=17	17	0	0	0	112
cb8	latin1 e-acute n=17	34	0	0	0	291
cb8	latin1 mixed (1 in 8 non-ASCII) n=17	19	0	0	0	259
cb8	latin1 ascii n=24	24	0	0	0	230
cb8	latin1 e-acute n=24	48	0	0	0	308
cb8	latin1 mixed (1 in 8 non-ASCII) n=24	27	0	0	0	280
cb8	latin1 ascii n=32	32	0	0	0	102
cb8	latin1 e-acute n=32	64	0	0	0	337
cb8	latin1 mixed (1 in 8 non-ASCII) n=32	36	0	0	0	309
cb8	latin1 ascii n=64	64	0	0	0	120
cb8	latin1 e-acute n=64	128	0	0	0	447
cb8	latin1 mixed (1 in 8 non-ASCII) n=64	72	0	0	0	419
cb8	latin1 ascii n=100	100	0	0	0	212
cb8	latin1 e-acute n=100	200	0	0	0	633
cb8	latin1 mixed (1 in 8 non-ASCII) n=100	113	0	0	0	593
cb8	latin1 ascii n=400	400	0	0	0	309
cb8	latin1 e-acute n=400	800	0	0	0	1602
cb8	latin1 mixed (1 in 8 non-ASCII) n=400	450	0	0	0	1574
cb8	latin1 ascii n=512	512	0	0	0	372
cb8	latin1 e-acute n=512	1024	0	0	0	1987
cb8	latin1 mixed (1 in 8 non-ASCII) n=512	576	0	0	0	1959
cb8	latin1 ascii n=513	513	1	1	1026	428
cb8	latin1 e-acute n=513	1026	1	1	1026	2033
cb8	latin1 mixed (1 in 8 non-ASCII) n=513	577	1	1	1026	2001
cb8	latin1 ascii n=1000	1000	1	1	2000	806
cb8	latin1 e-acute n=1000	2000	1	1	2000	3690
cb8	latin1 mixed (1 in 8 non-ASCII) n=1000	1125	1	1	2000	3662
cb8	latin1 ascii n=4096	4096	1	1	8192	2415
cb8	latin1 e-acute n=4096	8192	1	1	8192	14334
cb8	latin1 mixed (1 in 8 non-ASCII) n=4096	4608	1	1	8192	14306
cb16	utf16 ascii n=0	0	0	0	0	30
cb16	utf16 ascii n=1	1	0	0	0	135
cb16	utf16 cyrillic n=1	2	0	0	0	148
cb16	utf16 cjk n=1	3	0	0	0	153
cb16	utf16 mixed n=1	1	0	0	0	135
cb16	utf16 ascii n=2	2	0	0	0	147
cb16	utf16 cyrillic n=2	4	0	0	0	173
cb16	utf16 cjk n=2	6	0	0	0	183
cb16	utf16 mixed n=2	2	0	0	0	147
cb16	utf16 emoji n=2	4	0	0	0	165
cb16	utf16 ascii n=8	8	0	0	0	163
cb16	utf16 cyrillic n=8	16	0	0	0	328
cb16	utf16 cjk n=8	24	0	0	0	368
cb16	utf16 mixed n=8	11	0	0	0	255
cb16	utf16 emoji n=8	16	0	0	0	294
cb16	utf16 ascii n=15	15	0	0	0	219
cb16	utf16 cyrillic n=15	30	0	0	0	510
cb16	utf16 cjk n=15	45	0	0	0	585
cb16	utf16 mixed n=15	21	0	0	0	345
cb16	utf16 ascii n=16	16	0	0	0	203
cb16	utf16 cyrillic n=16	32	0	0	0	536
cb16	utf16 cjk n=16	48	0	0	0	616
cb16	utf16 mixed n=16	22	0	0	0	358
cb16	utf16 emoji n=16	32	0	0	0	466
cb16	utf16 ascii n=17	17	0	0	0	215
cb16	utf16 cyrillic n=17	34	0	0	0	562
cb16	utf16 cjk n=17	51	0	0	0	647
cb16	utf16 mixed n=17	23	0	0	0	342
cb16	utf16 ascii n=32	32	0	0	0	234
cb16	utf16 cyrillic n=32	64	0	0	0	802
cb16	utf16 cjk n=32	96	0	0	0	931
cb16	utf16 mixed n=32	44	0	0	0	539
cb16	utf16 emoji n=32	64	0	0	0	796
cb16	utf16 ascii n=40	40	0	0	0	274
cb16	utf16 cyrillic n=40	80	0	0	0	843
cb16	utf16 cjk n=40	120	0	0	0	981
cb16	utf16 mixed n=40	55	0	0	0	600
cb16	utf16 emoji n=40	80	0	0	0	968
cb16	utf16 ascii n=100	100	0	0	0	310
cb16	utf16 cyrillic n=100	200	0	0	0	1067
cb16	utf16 cjk n=100	300	0	0	0	1257
cb16	utf16 mixed n=100	137	0	0	0	1018
cb16	utf16 emoji n=100	200	0	0	0	2134
cb16	utf16 ascii n=340	340	0	0	0	520
cb16	utf16 cyrillic n=340	680	0	0	0	2297
cb16	utf16 cjk n=340	1020	0	0	0	2757
cb16	utf16 mixed n=340	467	0	0	0	2848
cb16	utf16 emoji n=340	680	0	0	0	6829
cb16	utf16 ascii n=341	341	0	0	0	532
cb16	utf16 cyrillic n=341	682	0	0	0	2323
cb16	utf16 cjk n=341	1023	0	0	0	2788
cb16	utf16 mixed n=341	470	0	0	0	2879
cb16	utf16 ascii n=342	342	0	0	0	1399
cb16	utf16 cyrillic n=342	684	0	0	0	3204
cb16	utf16 cjk n=342	1026	1	1	1026	3702
cb16	utf16 mixed n=342	471	0	0	0	3747
cb16	utf16 emoji n=342	684	0	0	0	7727
cb16	utf16 ascii n=400	400	0	0	0	1457
cb16	utf16 cyrillic n=400	800	0	0	0	3589
cb16	utf16 cjk n=400	1200	1	1	1200	4160
cb16	utf16 mixed n=400	550	0	0	0	4246
cb16	utf16 emoji n=400	800	0	0	0	8896
cb16	utf16 ascii n=512	512	0	0	0	1793
cb16	utf16 cyrillic n=512	1024	0	0	0	4401
cb16	utf16 cjk n=512	1536	1	1	1536	5098
cb16	utf16 mixed n=512	704	0	0	0	5338
cb16	utf16 emoji n=512	1024	0	0	0	11325
cb16	utf16 ascii n=513	513	0	0	0	1828
cb16	utf16 cyrillic n=513	1026	1	1	1026	4478
cb16	utf16 cjk n=513	1539	1	1	1539	5152
cb16	utf16 mixed n=513	705	0	0	0	5345
cb16	utf16 ascii n=1000	1000	0	0	0	3290
cb16	utf16 cyrillic n=1000	2000	1	1	2000	7967
cb16	utf16 cjk n=1000	3000	1	1	3000	9185
cb16	utf16 mixed n=1000	1375	1	1	1375	10124
cb16	utf16 emoji n=1000	2000	1	1	2000	21952
cb16	utf16 ascii n=1024	1024	0	0	0	3329
cb16	utf16 cyrillic n=1024	2048	1	1	2048	8141
cb16	utf16 cjk n=1024	3072	1	1	3072	9386
cb16	utf16 mixed n=1024	1408	1	1	1408	10358
cb16	utf16 emoji n=1024	2048	1	1	2048	22457
cb16	utf16 ascii n=1025	1025	1	1	1025	3392
cb16	utf16 cyrillic n=1025	2050	1	1	2050	8190
cb16	utf16 cjk n=1025	3075	1	1	3075	9440
cb16	utf16 mixed n=1025	1409	1	1	1409	10365
cb16	utf16 ascii n=4096	4096	1	1	4096	12573
cb16	utf16 cyrillic n=4096	8192	1	1	8192	30413
cb16	utf16 cjk n=4096	12288	1	1	12288	35114
cb16	utf16 mixed n=4096	5632	1	1	5632	40310
cb16	utf16 emoji n=4096	8192	1	1	8192	89081
cb16	utf16 cjk + unpaired at end, lenient n=1	3	0	0	0	237
cb16	utf16 cjk + unpaired at end, strict n=1	-2	0	0	0	171
cb16	utf16 cjk + unpaired at end, replacing n=1	3	0	0	0	237
cb16	utf16 ascii + unpaired at start, lenient n=1	3	0	0	0	237
cb16	utf16 ascii + unpaired at start, strict n=1	-2	0	0	0	171
cb16	utf16 cjk + unpaired at end, lenient n=8	24	0	0	0	681
cb16	utf16 cjk + unpaired at end, strict n=8	-2	0	0	0	386
cb16	utf16 cjk + unpaired at end, replacing n=8	24	0	0	0	681
cb16	utf16 ascii + unpaired at start, lenient n=8	10	0	0	0	309
cb16	utf16 ascii + unpaired at start, strict n=8	-2	0	0	0	176
cb16	utf16 cjk + unpaired at end, lenient n=32	96	0	0	0	2036
cb16	utf16 cjk + unpaired at end, strict n=32	-2	0	0	0	949
cb16	utf16 cjk + unpaired at end, replacing n=32	96	0	0	0	2036
cb16	utf16 ascii + unpaired at start, lenient n=32	34	0	0	0	437
cb16	utf16 ascii + unpaired at start, strict n=32	-2	0	0	0	184
cb16	utf16 cjk + unpaired at end, lenient n=341	1023	0	0	0	14090
cb16	utf16 cjk + unpaired at end, strict n=341	-2	0	0	0	2806
cb16	utf16 cjk + unpaired at end, replacing n=341	1023	0	0	0	14090
cb16	utf16 ascii + unpaired at start, lenient n=341	343	0	0	0	1955
cb16	utf16 ascii + unpaired at start, strict n=341	-2	0	0	0	184
cb16	utf16 cjk + unpaired at end, lenient n=342	1026	2	2	2051	15075
cb16	utf16 cjk + unpaired at end, strict n=342	-2	1	1	1025	3719
cb16	utf16 cjk + unpaired at end, replacing n=342	1026	2	2	2051	15075
cb16	utf16 ascii + unpaired at start, lenient n=342	344	1	1	1026	2863
cb16	utf16 ascii + unpaired at start, strict n=342	-2	0	0	0	1039
cb16	utf16 cjk + unpaired at end, lenient n=1000	3000	2	2	5999	42272
cb16	utf16 cjk + unpaired at end, strict n=1000	-2	1	1	2999	9202
cb16	utf16 cjk + unpaired at end, replacing n=1000	3000	2	2	5999	42272
cb16	utf16 ascii + unpaired at start, lenient n=1000	1002	1	1	3000	7492
cb16	utf16 ascii + unpaired at start, strict n=1000	-2	0	0	0	2360
cb16	utf16 cjk + unpaired at end, lenient n=4096	12288	2	2	24575	170369
cb16	utf16 cjk + unpaired at end, strict n=4096	-2	1	1	12287	35131
cb16	utf16 cjk + unpaired at end, replacing n=4096	12288	2	2	24575	170369
cb16	utf16 ascii + unpaired at start, lenient n=4096	4098	2	2	16385	29578
cb16	utf16 ascii + unpaired at start, strict n=4096	-2	1	1	4097	8966
cs8	latin1 ascii n=0	0	1	1	17	87
cs8	latin1 ascii n=1	1	1	1	18	152
cs8	latin1 e-acute n=1	2	1	1	19	158
cs8	latin1 mixed (1 in 8 non-ASCII) n=1	1	1	1	18	152
cs8	latin1 ascii n=2	2	1	1	19	163
cs8	latin1 e-acute n=2	4	1	1	21	177
cs8	latin1 mixed (1 in 8 non-ASCII) n=2	2	1	1	19	163
cs8	latin1 ascii n=3	3	1	1	20	169
cs8	latin1 e-acute n=3	6	1	1	23	189
cs8	latin1 mixed (1 in 8 non-ASCII) n=3	3	1	1	20	169
cs8	latin1 ascii n=4	4	1	1	21	178
cs8	latin1 e-acute n=4	8	1	1	25	206
cs8	latin1 mixed (1 in 8 non-ASCII) n=4	5	1	1	22	186
cs8	latin1 ascii n=5	5	1	1	22	184
cs8	latin1 e-acute n=5	10	1	1	27	218
cs8	latin1 mixed (1 in 8 non-ASCII) n=5	6	1	1	23	191
cs8	latin1 ascii n=6	6	1	1	23	193
cs8	latin1 e-acute n=6	12	1	1	29	235
cs8	latin1 mixed (1 in 8 non-ASCII) n=6	7	1	1	24	201
cs8	latin1 ascii n=7	7	1	1	24	199
cs8	latin1 e-acute n=7	14	1	1	31	247
cs8	latin1 mixed (1 in 8 non-ASCII) n=7	8	1	1	25	206
cs8	latin1 ascii n=8	8	1	1	25	208
cs8	latin1 e-acute n=8	16	1	1	33	264
cs8	latin1 mixed (1 in 8 non-ASCII) n=8	9	1	1	26	216
cs8	latin1 ascii n=9	9	1	1	26	214
cs8	latin1 e-acute n=9	18	1	1	35	276
cs8	latin1 mixed (1 in 8 non-ASCII) n=9	10	1	1	27	221
cs8	latin1 ascii n=12	12	1	1	29	238
cs8	latin1 e-acute n=12	24	1	1	41	322
cs8	latin1 mixed (1 in 8 non-ASCII) n=12	14	1	1	31	254
cs8	latin1 ascii n=15	15	1	1	32	259
cs8	latin1 e-acute n=15	30	1	1	47	363
cs8	latin1 mixed (1 in 8 non-ASCII) n=15	17	1	1	34	273
cs8	latin1 ascii n=16	16	1	1	33	194
cs8	latin1 e-acute n=16	32	1	1	49	399
cs8	latin1 mixed (1 in 8 non-ASCII) n=16	18	1	1	35	357
cs8	latin1 ascii n=17	17	1	1	34	224
cs8	latin1 e-acute n=17	34	1	1	51	420
cs8	latin1 mixed (1 in 8 non-ASCII) n=17	19	1	1	36	373
cs8	latin1 ascii n=24	24	1	1	41	349
cs8	latin1 e-acute n=24	48	1	1	65	451
cs8	latin1 mixed (1 in 8 non-ASCII) n=24	27	1	1	44	402
cs8	latin1 ascii n=32	32	1	1	49	229
cs8	latin1 e-acute n=32	64	1	1	81	496
cs8	latin1 mixed (1 in 8 non-ASCII) n=32	36	1	1	53	440
cs8	latin1 ascii n=64	64	1	1	81	279
cs8	latin1 e-acute n=64	128	1	1	145	670
cs8	latin1 mixed (1 in 8 non-ASCII) n=64	72	1	1	89	586
cs8	latin1 ascii n=100	100	1	1	117	407
cs8	latin1 e-acute n=100	200	1	1	217	928
cs8	latin1 mixed (1 in 8 non-ASCII) n=100	113	1	1	130	801
cs8	latin1 ascii n=400	400	1	1	417	804
cs8	latin1 e-acute n=400	800	1	1	817	2497
cs8	latin1 mixed (1 in 8 non-ASCII) n=400	450	1	1	467	2119
cs8	latin1 ascii n=512	512	1	1	529	979
cs8	latin1 e-acute n=512	1024	1	1	1041	3106
cs8	latin1 mixed (1 in 8 non-ASCII) n=512	576	1	1	593	2630
cs8	latin1 ascii n=513	513	2	2	1556	1036
cs8	latin1 e-acute n=513	1026	2	2	2069	3154
cs8	latin1 mixed (1 in 8 non-ASCII) n=513	577	2	2	1620	2673
cs8	latin1 ascii n=1000	1000	2	2	3017	1901
cs8	latin1 e-acute n=1000	2000	2	2	4017	5785
cs8	latin1 mixed (1 in 8 non-ASCII) n=1000	1125	2	2	3142	4882
cs8	latin1 ascii n=4096	4096	2	2	12305	6606
cs8	latin1 e-acute n=4096	8192	2	2	16401	22621
cs8	latin1 mixed (1 in 8 non-ASCII) n=4096	4608	2	2	12817	19009
cs16	utf16 ascii n=0	0	1	1	17	89
cs16	utf16 ascii n=1	1	1	1	18	226
cs16	utf16 cyrillic n=1	2	1	1	19	240
cs16	utf16 cjk n=1	3	1	1	20	246
cs16	utf16 mixed n=1	1	1	1	18	226
cs16	utf16 ascii n=2	2	1	1	19	239
cs16	utf16 cyrillic n=2	4	1	1	21	267
cs16	utf16 cjk n=2	6	1	1	23	279
cs16	utf16 mixed n=2	2	1	1	19	239
cs16	utf16 emoji n=2	4	1	1	21	259
cs16	utf16 ascii n=8	8	1	1	25	261
cs16	utf16 cyrillic n=8	16	1	1	33	434
cs16	utf16 cjk n=8	24	1	1	41	482
cs16	utf16 mixed n=8	11	1	1	28	356
cs16	utf16 emoji n=8	16	1	1	33	400
cs16	utf16 ascii n=15	15	1	1	32	324
cs16	utf16 cyrillic n=15	30	1	1	47	630
cs16	utf16 cjk n=15	45	1	1	62	720
cs16	utf16 mixed n=15	21	1	1	38	456
cs16	utf16 ascii n=16	16	1	1	33	309
cs16	utf16 cyrillic n=16	32	1	1	49	658
cs16	utf16 cjk n=16	48	1	1	65	754
cs16	utf16 mixed n=16	22	1	1	39	470
cs16	utf16 emoji n=16	32	1	1	49	588
cs16	utf16 ascii n=17	17	1	1	34	322
cs16	utf16 cyrillic n=17	34	1	1	51	686
cs16	utf16 cjk n=17	51	1	1	68	788
cs16	utf16 mixed n=17	23	1	1	40	455
cs16	utf16 ascii n=32	32	1	1	49	356
cs16	utf16 cyrillic n=32	64	1	1	81	956
cs16	utf16 cjk n=32	96	1	1	113	1117
cs16	utf16 mixed n=32	44	1	1	61	673
cs16	utf16 emoji n=32	64	1	1	81	950
cs16	utf16 ascii n=40	40	1	1	57	404
cs16	utf16 cyrillic n=40	80	1	1	97	1013
cs16	utf16 cjk n=40	120	1	1	137	1191
cs16	utf16 mixed n=40	55	1	1	72	745
cs16	utf16 emoji n=40	80	1	1	97	1138
cs16	utf16 ascii n=100	100	1	1	117	500
cs16	utf16 cyrillic n=100	200	1	1	217	1357
cs16	utf16 cjk n=100	300	1	1	317	1647
cs16	utf16 mixed n=100	137	1	1	154	1245
cs16	utf16 emoji n=100	200	1	1	217	2424
cs16	utf16 ascii n=340	340	1	1	357	950
cs16	utf16 cyrillic n=340	680	1	1	697	3067
cs16	utf16 cjk n=340	1020	1	1	1037	3867
cs16	utf16 mixed n=340	467	1	1	484	3405
cs16	utf16 emoji n=340	680	1	1	697	7599
cs16	utf16 ascii n=341	341	1	1	358	963
cs16	utf16 cyrillic n=341	682	1	1	699	3095
cs16	utf16 cjk n=341	1023	1	1	1040	3901
cs16	utf16 mixed n=341	470	1	1	487	3439
cs16	utf16 ascii n=342	342	1	1	359	1830
cs16	utf16 cyrillic n=342	684	1	1	701	3977
cs16	utf16 cjk n=342	1026	2	2	2069	4814
cs16	utf16 mixed n=342	471	1	1	488	4307
cs16	utf16 emoji n=342	684	1	1	701	8500
cs16	utf16 ascii n=400	400	1	1	417	1946
cs16	utf16 cyrillic n=400	800	1	1	817	4478
cs16	utf16 cjk n=400	1200	2	2	2417	5446
cs16	utf16 mixed n=400	550	1	1	567	4885
cs16	utf16 emoji n=400	800	1	1	817	9785
cs16	utf16 ascii n=512	512	1	1	529	2394
cs16	utf16 cyrillic n=512	1024	1	1	1041	5514
cs16	utf16 cjk n=512	1536	2	2	3089	6720
cs16	utf16 mixed n=512	704	1	1	721	6131
cs16	utf16 emoji n=512	1024	1	1	1041	12438
cs16	utf16 ascii n=513	513	1	1	530	2430
cs16	utf16 cyrillic n=513	1026	2	2	2069	5590
cs16	utf16 cjk n=513	1539	2	2	3095	6777
cs16	utf16 mixed n=513	705	1	1	722	6139
cs16	utf16 ascii n=1000	1000	1	1	1017	4379
cs16	utf16 cyrillic n=1000	2000	2	2	4017	10053
cs16	utf16 cjk n=1000	3000	2	2	6017	12271
cs16	utf16 mixed n=1000	1375	2	2	2767	11585
cs16	utf16 emoji n=1000	2000	2	2	4017	24038
cs16	utf16 ascii n=1024	1024	1	1	1041	4442
cs16	utf16 cyrillic n=1024	2048	2	2	4113	10275
cs16	utf16 cjk n=1024	3072	2	2	6161	12544
cs16	utf16 mixed n=1024	1408	2	2	2833	11852
cs16	utf16 emoji n=1024	2048	2	2	4113	24591
cs16	utf16 ascii n=1025	1025	2	2	2067	4503
cs16	utf16 cyrillic n=1025	2050	2	2	4117	10326
cs16	utf16 cjk n=1025	3075	2	2	6167	12601
cs16	utf16 mixed n=1025	1409	2	2	2835	11860
cs16	utf16 ascii n=4096	4096	2	2	8209	16755
cs16	utf16 cyrillic n=4096	8192	2	2	16401	38691
cs16	utf16 cjk n=4096	12288	2	2	24593	47488
cs16	utf16 mixed n=4096	5632	2	2	11281	46028
cs16	utf16 emoji n=4096	8192	2	2	16401	97359
cs16	utf16 cjk + unpaired at end, lenient n=1	3	1	1	20	330
cs16	utf16 cjk + unpaired at end, strict n=1	-2	0	0	0	188
cs16	utf16 cjk + unpaired at end, replacing n=1	3	1	1	20	330
cs16	utf16 ascii + unpaired at start, lenient n=1	3	1	1	20	330
cs16	utf16 ascii + unpaired at start, strict n=1	-2	0	0	0	188
cs16	utf16 cjk + unpaired at end, lenient n=8	24	1	1	41	795
cs16	utf16 cjk + unpaired at end, strict n=8	-2	0	0	0	403
cs16	utf16 cjk + unpaired at end, replacing n=8	24	1	1	41	795
cs16	utf16 ascii + unpaired at start, lenient n=8	10	1	1	27	409
cs16	utf16 ascii + unpaired at start, strict n=8	-2	0	0	0	193
cs16	utf16 cjk + unpaired at end, lenient n=32	96	1	1	113	2222
cs16	utf16 cjk + unpaired at end, strict n=32	-2	0	0	0	966
cs16	utf16 cjk + unpaired at end, replacing n=32	96	1	1	113	2222
cs16	utf16 ascii + unpaired at start, lenient n=32	34	1	1	51	561
cs16	utf16 ascii + unpaired at start, strict n=32	-2	0	0	0	201
cs16	utf16 cjk + unpaired at end, lenient n=341	1023	1	1	1040	15203
cs16	utf16 cjk + unpaired at end, strict n=341	-2	0	0	0	2823
cs16	utf16 cjk + unpaired at end, replacing n=341	1023	1	1	1040	15203
cs16	utf16 ascii + unpaired at start, lenient n=341	343	1	1	360	2388
cs16	utf16 ascii + unpaired at start, strict n=341	-2	0	0	0	201
cs16	utf16 cjk + unpaired at end, lenient n=342	1026	3	3	3094	16187
cs16	utf16 cjk + unpaired at end, strict n=342	-2	1	1	1025	3733
cs16	utf16 cjk + unpaired at end, replacing n=342	1026	3	3	3094	16187
cs16	utf16 ascii + unpaired at start, lenient n=342	344	2	2	1387	3294
cs16	utf16 ascii + unpaired at start, strict n=342	-2	0	0	0	1055
cs16	utf16 cjk + unpaired at end, lenient n=1000	3000	3	3	9016	45358
cs16	utf16 cjk + unpaired at end, strict n=1000	-2	1	1	2999	9216
cs16	utf16 cjk + unpaired at end, replacing n=1000	3000	3	3	9016	45358
cs16	utf16 ascii + unpaired at start, lenient n=1000	1002	2	2	4019	8581
cs16	utf16 ascii + unpaired at start, strict n=1000	-2	0	0	0	2376
cs16	utf16 cjk + unpaired at end, lenient n=4096	12288	3	3	36880	182743
cs16	utf16 cjk + unpaired at end, strict n=4096	-2	1	1	12287	35145
cs16	utf16 cjk + unpaired at end, replacing n=4096	12288	3	3	36880	182743
cs16	utf16 ascii + unpaired at start, lenient n=4096	4098	3	3	20500	33762
cs16	utf16 ascii + unpaired at start, strict n=4096	-2	1	1	4097	8980
