cb8	latin1 ascii n=0	0	0	0	0	24
cb8	latin1 ascii n=1	1	0	0	0	41
cb8	latin1 e-acute n=1	2	0	0	0	94
cb8	latin1 mixed (1 in 8 non-ASCII) n=1	1	0	0	0	41
cb8	latin1 ascii n=2	2	0	0	0	46
cb8	latin1 e-acute n=2	4	0	0	0	107
cb8	latin1 mixed (1 in 8 non-ASCII) n=2	2	0	0	0	46
cb8	latin1 ascii n=3	3	0	0	0	51
cb8	latin1 e-acute n=3	6	0	0	0	115
cb8	latin1 mixed (1 in 8 non-ASCII) n=3	3	0	0	0	51
cb8	latin1 ascii n=4	4	0	0	0	56
cb8	latin1 e-acute n=4	8	0	0	0	126
cb8	latin1 mixed (1 in 8 non-ASCII) n=4	5	0	0	0	136
cb8	latin1 ascii n=5	5	0	0	0	61
cb8	latin1 e-acute n=5	10	0	0	0	134
cb8	latin1 mixed (1 in 8 non-ASCII) n=5	6	0	0	0	145
cb8	latin1 ascii n=6	6	0	0	0	66
cb8	latin1 e-acute n=6	12	0	0	0	145
cb8	latin1 mixed (1 in 8 non-ASCII) n=6	7	0	0	0	149
cb8	latin1 ascii n=7	7	0	0	0	71
cb8	latin1 e-acute n=7	14	0	0	0	153
cb8	latin1 mixed (1 in 8 non-ASCII) n=7	8	0	0	0	156
cb8	latin1 ascii n=8	8	0	0	0	76
cb8	latin1 e-acute n=8	16	0	0	0	164
cb8	latin1 mixed (1 in 8 non-ASCII) n=8	9	0	0	0	160
cb8	latin1 ascii n=9	9	0	0	0	81
cb8	latin1 e-acute n=9	18	0	0	0	172
cb8	latin1 mixed (1 in 8 non-ASCII) n=9	10	0	0	0	167
cb8	latin1 ascii n=12	12	0	0	0	96
cb8	latin1 e-acute n=12	24	0	0	0	202
cb8	latin1 mixed (1 in 8 non-ASCII) n=12	14	0	0	0	187
cb8	latin1 ascii n=15	15	0	0	0	111
cb8	latin1 e-acute n=15	30	0	0	0	229
cb8	latin1 mixed (1 in 8 non-ASCII) n=15	17	0	0	0	204
cb8	latin1 ascii n=16	16	0	0	0	116
cb8	latin1 e-acute n=16	32	0	0	0	391
cb8	latin1 mixed (1 in 8 non-ASCII) n=16	18	0	0	0	209
cb8	latin1 ascii n=17	17	0	0	0	135
cb8	latin1 e-acute n=17	34	0	0	0	411
cb8	latin1 mixed (1 in 8 non-ASCII) n=17	19	0	0	0	215
cb8	latin1 ascii n=24	24	0	0	0	135
cb8	latin1 e-acute n=24	48	0	0	0	430
cb8	latin1 mixed (1 in 8 non-ASCII) n=24	27	0	0	0	461
cb8	latin1 ascii n=32	32	0	0	0	135
cb8	latin1 e-acute n=32	64	0	0	0	460
cb8	latin1 mixed (1 in 8 non-ASCII) n=32	36	0	0	0	500
cb8	latin1 ascii n=64	64	0	0	0	162
cb8	latin1 e-acute n=64	128	0	0	0	580
cb8	latin1 mixed (1 in 8 non-ASCII) n=64	72	0	0	0	620
cb8	latin1 ascii n=100	100	0	0	0	189
cb8	latin1 e-acute n=100	200	0	0	0	780
cb8	latin1 mixed (1 in 8 non-ASCII) n=100	113	0	0	0	706
cb8	latin1 ascii n=400	400	0	0	0	351
cb8	latin1 e-acute n=400	800	0	0	0	1840
cb8	latin1 mixed (1 in 8 non-ASCII) n=400	450	0	0	0	1880
cb8	latin1 ascii n=512	512	0	0	0	414
cb8	latin1 e-acute n=512	1024	0	0	0	2260
cb8	latin1 mixed (1 in 8 non-ASCII) n=512	576	0	0	0	2300
cb8	latin1 ascii n=513	513	0	0	0	423
cb8	latin1 e-acute n=513	1026	1	1	1026	2331
cb8	latin1 mixed (1 in 8 non-ASCII) n=513	577	0	0	0	2316
cb8	latin1 ascii n=1000	1000	0	0	0	698
cb8	latin1 e-acute n=1000	2000	1	1	2000	4141
cb8	latin1 mixed (1 in 8 non-ASCII) n=1000	1125	1	1	1997	4181
cb8	latin1 ascii n=4096	4096	0	0	0	2430
cb8	latin1 e-acute n=4096	8192	1	1	8192	15751
cb8	latin1 mixed (1 in 8 non-ASCII) n=4096	4608	1	1	8189	15791
cb8	latin1 ascii n=65536	65536	0	0	0	36990
cb8	latin1 e-acute n=65536	131072	1	1	131072	246151
cb8	latin1 mixed (1 in 8 non-ASCII) n=65536	73728	1	1	131069	246191
cb16	utf16 ascii n=0	0	0	0	0	32
cb16	utf16 ascii n=1	1	0	0	0	101
cb16	utf16 cyrillic n=1	2	0	0	0	111
cb16	utf16 cjk n=1	3	0	0	0	115
cb16	utf16 mixed n=1	1	0	0	0	101
cb16	utf16 ascii n=2	2	0	0	0	114
cb16	utf16 cyrillic n=2	4	0	0	0	134
cb16	utf16 cjk n=2	6	0	0	0	142
cb16	utf16 mixed n=2	2	0	0	0	114
cb16	utf16 emoji n=2	4	0	0	0	131
cb16	utf16 ascii n=8	8	0	0	0	130
cb16	utf16 cyrillic n=8	16	0	0	0	277
cb16	utf16 cjk n=8	24	0	0	0	309
cb16	utf16 mixed n=8	11	0	0	0	221
cb16	utf16 emoji n=8	16	0	0	0	263
cb16	utf16 ascii n=15	15	0	0	0	190
cb16	utf16 cyrillic n=15	30	0	0	0	445
cb16	utf16 cjk n=15	45	0	0	0	505
cb16	utf16 mixed n=15	21	0	0	0	308
cb16	utf16 ascii n=16	16	0	0	0	172
cb16	utf16 cyrillic n=16	32	0	0	0	469
cb16	utf16 cjk n=16	48	0	0	0	533
cb16	utf16 mixed n=16	22	0	0	0	322
cb16	utf16 emoji n=16	32	0	0	0	439
cb16	utf16 ascii n=17	17	0	0	0	185
cb16	utf16 cyrillic n=17	34	0	0	0	493
cb16	utf16 cjk n=17	51	0	0	0	561
cb16	utf16 mixed n=17	23	0	0	0	304
cb16	utf16 ascii n=32	32	0	0	0	221
cb16	utf16 cyrillic n=32	64	0	0	0	726
cb16	utf16 cjk n=32	96	0	0	0	842
cb16	utf16 mixed n=32	44	0	0	0	508
cb16	utf16 emoji n=32	64	0	0	0	777
cb16	utf16 ascii n=40	40	0	0	0	263
cb16	utf16 cyrillic n=40	80	0	0	0	759
cb16	utf16 cjk n=40	120	0	0	0	895
cb16	utf16 mixed n=40	55	0	0	0	561
cb16	utf16 emoji n=40	80	0	0	0	953
cb16	utf16 ascii n=100	100	0	0	0	310
cb16	utf16 cyrillic n=100	200	0	0	0	927
cb16	utf16 cjk n=100	300	0	0	0	1207
cb16	utf16 mixed n=100	137	0	0	0	915
cb16	utf16 emoji n=100	200	0	0	0	2089
cb16	utf16 ascii n=340	340	0	0	0	565
cb16	utf16 cyrillic n=340	680	0	0	0	1917
cb16	utf16 cjk n=340	1020	0	0	0	2797
cb16	utf16 mixed n=340	467	0	0	0	2505
cb16	utf16 emoji n=340	680	0	0	0	6679
cb16	utf16 ascii n=341	341	0	0	0	578
cb16	utf16 cyrillic n=341	682	0	0	0	1941
cb16	utf16 cjk n=341	1023	0	0	0	2825
cb16	utf16 mixed n=341	470	0	0	0	2533
cb16	utf16 ascii n=342	342	0	0	0	1050
cb16	utf16 cyrillic n=342	684	0	0	0	2424
cb16	utf16 cjk n=342	1026	1	1	1026	3363
cb16	utf16 mixed n=342	471	0	0	0	3006
cb16	utf16 emoji n=342	684	0	0	0	7182
cb16	utf16 ascii n=400	400	0	0	0	1027
cb16	utf16 cyrillic n=400	800	0	0	0	2659
cb16	utf16 cjk n=400	1200	1	1	1200	3746
cb16	utf16 mixed n=400	550	0	0	0	3361
cb16	utf16 emoji n=400	800	0	0	0	8230
cb16	utf16 ascii n=512	512	0	0	0	1245
cb16	utf16 cyrillic n=512	1024	0	0	0	3220
cb16	utf16 cjk n=512	1536	1	1	1536	4587
cb16	utf16 mixed n=512	704	0	0	0	4202
cb16	utf16 emoji n=512	1024	0	0	0	10471
cb16	utf16 ascii n=513	513	0	0	0	1294
cb16	utf16 cyrillic n=513	1026	1	1	1026	3331
cb16	utf16 cjk n=513	1539	1	1	1539	4651
cb16	utf16 mixed n=513	705	0	0	0	4220
cb16	utf16 ascii n=1000	1000	0	0	0	2316
cb16	utf16 cyrillic n=1000	2000	1	1	2000	5803
cb16	utf16 cjk n=1000	3000	1	1	3000	8339
cb16	utf16 mixed n=1000	1375	1	1	1375	8005
cb16	utf16 emoji n=1000	2000	1	1	2000	20397
cb16	utf16 ascii n=1024	1024	0	0	0	2253
cb16	utf16 cyrillic n=1024	2048	1	1	2048	5847
cb16	utf16 cjk n=1024	3072	1	1	3072	8443
cb16	utf16 mixed n=1024	1408	1	1	1408	8109
cb16	utf16 emoji n=1024	2048	1	1	2048	20778
cb16	utf16 ascii n=1025	1025	1	1	1025	2353
cb16	utf16 cyrillic n=1025	2050	1	1	2050	5907
cb16	utf16 cjk n=1025	3075	1	1	3075	8507
cb16	utf16 mixed n=1025	1409	1	1	1409	8127
cb16	utf16 ascii n=4096	4096	1	1	4096	8352
cb16	utf16 cyrillic n=4096	8192	1	1	8192	21303
cb16	utf16 cjk n=4096	12288	1	1	12288	31579
cb16	utf16 mixed n=4096	5632	1	1	5632	31245
cb16	utf16 emoji n=4096	8192	1	1	8192	82314
cb16	utf16 ascii n=65536	65536	1	1	65536	129312
cb16	utf16 cyrillic n=65536	131072	1	1	131072	330423
cb16	utf16 cjk n=65536	196608	1	1	196608	494299
cb16	utf16 mixed n=65536	90112	1	1	90112	493965
cb16	utf16 emoji n=65536	131072	1	1	131072	1313034
cb16	utf16 cjk + unpaired at end, lenient n=1	3	0	0	0	198
cb16	utf16 cjk + unpaired at end, strict n=1	-2	0	0	0	129
cb16	utf16 cjk + unpaired at end, replacing n=1	3	0	0	0	198
cb16	utf16 ascii + unpaired at start, lenient n=1	3	0	0	0	198
cb16	utf16 ascii + unpaired at start, strict n=1	-2	0	0	0	129
cb16	utf16 cjk + unpaired at end, lenient n=8	24	0	0	0	593
cb16	utf16 cjk + unpaired at end, strict n=8	-2	0	0	0	323
cb16	utf16 cjk + unpaired at end, replacing n=8	24	0	0	0	593
cb16	utf16 ascii + unpaired at start, lenient n=8	10	0	0	0	267
cb16	utf16 ascii + unpaired at start, strict n=8	-2	0	0	0	134
cb16	utf16 cjk + unpaired at end, lenient n=32	96	0	0	0	1822
cb16	utf16 cjk + unpaired at end, strict n=32	-2	0	0	0	856
cb16	utf16 cjk + unpaired at end, replacing n=32	96	0	0	0	1822
cb16	utf16 ascii + unpaired at start, lenient n=32	34	0	0	0	432
cb16	utf16 ascii + unpaired at start, strict n=32	-2	0	0	0	173
cb16	utf16 cjk + unpaired at end, lenient n=341	1023	0	0	0	12766
cb16	utf16 cjk + unpaired at end, strict n=341	-2	0	0	0	2839
cb16	utf16 cjk + unpaired at end, replacing n=341	1023	0	0	0	12766
cb16	utf16 ascii + unpaired at start, lenient n=341	343	0	0	0	2028
cb16	utf16 ascii + unpaired at start, strict n=341	-2	0	0	0	173
cb16	utf16 cjk + unpaired at end, lenient n=342	1026	2	2	2051	13394
cb16	utf16 cjk + unpaired at end, strict n=342	-2	1	1	1025	3377
cb16	utf16 cjk + unpaired at end, replacing n=342	1026	2	2	2051	13394
cb16	utf16 ascii + unpaired at start, lenient n=342	344	1	1	1026	2562
cb16	utf16 ascii + unpaired at start, strict n=342	-2	0	0	0	632
cb16	utf16 cjk + unpaired at end, lenient n=1000	3000	2	2	5999	37452
cb16	utf16 cjk + unpaired at end, strict n=1000	-2	1	1	2999	8353
cb16	utf16 cjk + unpaired at end, replacing n=1000	3000	2	2	5999	37452
cb16	utf16 ascii + unpaired at start, lenient n=1000	1002	1	1	3000	6608
cb16	utf16 ascii + unpaired at start, strict n=1000	-2	0	0	0	1206
cb16	utf16 cjk + unpaired at end, lenient n=4096	12288	1	1	12289	150415
cb16	utf16 cjk + unpaired at end, strict n=4096	-2	1	1	12289	31593
cb16	utf16 cjk + unpaired at end, replacing n=4096	12288	1	1	12289	150415
cb16	utf16 ascii + unpaired at start, lenient n=4096	4098	2	2	16385	25642
cb16	utf16 ascii + unpaired at start, strict n=4096	-2	1	1	4097	3986
cs8	latin1 ascii n=0	0	1	1	17	102
cs8	latin1 ascii n=1	1	1	1	18	173
cs8	latin1 e-acute n=1	2	1	1	19	240
cs8	latin1 mixed (1 in 8 non-ASCII) n=1	1	1	1	18	173
cs8	latin1 ascii n=2	2	1	1	19	182
cs8	latin1 e-acute n=2	4	1	1	21	261
cs8	latin1 mixed (1 in 8 non-ASCII) n=2	2	1	1	19	182
cs8	latin1 ascii n=3	3	1	1	20	191
cs8	latin1 e-acute n=3	6	1	1	23	277
cs8	latin1 mixed (1 in 8 non-ASCII) n=3	3	1	1	20	191
cs8	latin1 ascii n=4	4	1	1	21	200
cs8	latin1 e-acute n=4	8	1	1	25	296
cs8	latin1 mixed (1 in 8 non-ASCII) n=4	5	1	1	22	294
cs8	latin1 ascii n=5	5	1	1	22	209
cs8	latin1 e-acute n=5	10	1	1	27	312
cs8	latin1 mixed (1 in 8 non-ASCII) n=5	6	1	1	23	307
cs8	latin1 ascii n=6	6	1	1	23	218
cs8	latin1 e-acute n=6	12	1	1	29	331
cs8	latin1 mixed (1 in 8 non-ASCII) n=6	7	1	1	24	315
cs8	latin1 ascii n=7	7	1	1	24	227
cs8	latin1 e-acute n=7	14	1	1	31	347
cs8	latin1 mixed (1 in 8 non-ASCII) n=7	8	1	1	25	326
cs8	latin1 ascii n=8	8	1	1	25	236
cs8	latin1 e-acute n=8	16	1	1	33	366
cs8	latin1 mixed (1 in 8 non-ASCII) n=8	9	1	1	26	334
cs8	latin1 ascii n=9	9	1	1	26	245
cs8	latin1 e-acute n=9	18	1	1	35	382
cs8	latin1 mixed (1 in 8 non-ASCII) n=9	10	1	1	27	345
cs8	latin1 ascii n=12	12	1	1	29	272
cs8	latin1 e-acute n=12	24	1	1	41	436
cs8	latin1 mixed (1 in 8 non-ASCII) n=12	14	1	1	31	381
cs8	latin1 ascii n=15	15	1	1	32	299
cs8	latin1 e-acute n=15	30	1	1	47	487
cs8	latin1 mixed (1 in 8 non-ASCII) n=15	17	1	1	34	410
cs8	latin1 ascii n=16	16	1	1	33	308
cs8	latin1 e-acute n=16	32	1	1	49	657
cs8	latin1 mixed (1 in 8 non-ASCII) n=16	18	1	1	35	419
cs8	latin1 ascii n=17	17	1	1	34	328
cs8	latin1 e-acute n=17	34	1	1	51	685
cs8	latin1 mixed (1 in 8 non-ASCII) n=17	19	1	1	36	429
cs8	latin1 ascii n=24	24	1	1	41	356
cs8	latin1 e-acute n=24	48	1	1	65	760
cs8	latin1 mixed (1 in 8 non-ASCII) n=24	27	1	1	44	707
cs8	latin1 ascii n=32	32	1	1	49	388
cs8	latin1 e-acute n=32	64	1	1	81	854
cs8	latin1 mixed (1 in 8 non-ASCII) n=32	36	1	1	53	782
cs8	latin1 ascii n=64	64	1	1	81	543
cs8	latin1 e-acute n=64	128	1	1	145	1230
cs8	latin1 mixed (1 in 8 non-ASCII) n=64	72	1	1	89	1046
cs8	latin1 ascii n=100	100	1	1	117	714
cs8	latin1 e-acute n=100	200	1	1	217	1718
cs8	latin1 mixed (1 in 8 non-ASCII) n=100	113	1	1	130	1296
cs8	latin1 ascii n=400	400	1	1	417	2076
cs8	latin1 e-acute n=400	800	1	1	817	5178
cs8	latin1 mixed (1 in 8 non-ASCII) n=400	450	1	1	467	3818
cs8	latin1 ascii n=512	512	1	1	529	2587
cs8	latin1 e-acute n=512	1024	1	1	1041	6494
cs8	latin1 mixed (1 in 8 non-ASCII) n=512	576	1	1	593	4742
cs8	latin1 ascii n=513	513	1	1	530	2600
cs8	latin1 e-acute n=513	1026	2	2	2069	6573
cs8	latin1 mixed (1 in 8 non-ASCII) n=513	577	1	1	594	4762
cs8	latin1 ascii n=1000	1000	1	1	1017	4823
cs8	latin1 e-acute n=1000	2000	2	2	4017	12279
cs8	latin1 mixed (1 in 8 non-ASCII) n=1000	1125	2	2	3139	8819
cs8	latin1 ascii n=4096	4096	1	1	4113	18939
cs8	latin1 e-acute n=4096	8192	2	2	16401	48657
cs8	latin1 mixed (1 in 8 non-ASCII) n=4096	4608	2	2	12814	34361
cs8	latin1 ascii n=65536	65536	1	1	65553	299259
cs8	latin1 e-acute n=65536	131072	2	2	262161	770577
cs8	latin1 mixed (1 in 8 non-ASCII) n=65536	73728	2	2	204814	541241
cs16	utf16 ascii n=0	0	1	1	17	109
cs16	utf16 ascii n=1	1	1	1	18	211
cs16	utf16 cyrillic n=1	2	1	1	19	225
cs16	utf16 cjk n=1	3	1	1	20	233
cs16	utf16 mixed n=1	1	1	1	18	211
cs16	utf16 ascii n=2	2	1	1	19	228
cs16	utf16 cyrillic n=2	4	1	1	21	256
cs16	utf16 cjk n=2	6	1	1	23	272
cs16	utf16 mixed n=2	2	1	1	19	228
cs16	utf16 emoji n=2	4	1	1	21	253
cs16	utf16 ascii n=8	8	1	1	25	268
cs16	utf16 cyrillic n=8	16	1	1	33	447
cs16	utf16 cjk n=8	24	1	1	41	511
cs16	utf16 mixed n=8	11	1	1	28	371
cs16	utf16 emoji n=8	16	1	1	33	433
cs16	utf16 ascii n=15	15	1	1	32	356
cs16	utf16 cyrillic n=15	30	1	1	47	671
cs16	utf16 cjk n=15	45	1	1	62	791
cs16	utf16 mixed n=15	21	1	1	38	498
cs16	utf16 ascii n=16	16	1	1	33	342
cs16	utf16 cyrillic n=16	32	1	1	49	703
cs16	utf16 cjk n=16	48	1	1	65	831
cs16	utf16 mixed n=16	22	1	1	39	516
cs16	utf16 emoji n=16	32	1	1	49	673
cs16	utf16 ascii n=17	17	1	1	34	359
cs16	utf16 cyrillic n=17	34	1	1	51	735
cs16	utf16 cjk n=17	51	1	1	68	871
cs16	utf16 mixed n=17	23	1	1	40	502
cs16	utf16 ascii n=32	32	1	1	49	455
cs16	utf16 cyrillic n=32	64	1	1	81	1088
cs16	utf16 cjk n=32	96	1	1	113	1332
cs16	utf16 mixed n=32	44	1	1	61	790
cs16	utf16 emoji n=32	64	1	1	81	1139
cs16	utf16 ascii n=40	40	1	1	57	529
cs16	utf16 cyrillic n=40	80	1	1	97	1185
cs16	utf16 cjk n=40	120	1	1	137	1481
cs16	utf16 mixed n=40	55	1	1	72	887
cs16	utf16 emoji n=40	80	1	1	97	1379
cs16	utf16 ascii n=100	100	1	1	117	816
cs16	utf16 cyrillic n=100	200	1	1	217	1833
cs16	utf16 cjk n=100	300	1	1	317	2513
cs16	utf16 mixed n=100	137	1	1	154	1569
cs16	utf16 emoji n=100	200	1	1	217	2995
cs16	utf16 ascii n=340	340	1	1	357	2031
cs16	utf16 cyrillic n=340	680	1	1	697	4743
cs16	utf16 cjk n=340	1020	1	1	1037	6983
cs16	utf16 mixed n=340	467	1	1	484	4479
cs16	utf16 emoji n=340	680	1	1	697	9505
cs16	utf16 ascii n=341	341	1	1	358	2048
cs16	utf16 cyrillic n=341	682	1	1	699	4775
cs16	utf16 cjk n=341	1023	1	1	1040	7023
cs16	utf16 mixed n=341	470	1	1	487	4519
cs16	utf16 ascii n=342	342	1	1	359	2525
cs16	utf16 cyrillic n=342	684	1	1	701	5267
cs16	utf16 cjk n=342	1026	1	1	1043	3396
cs16	utf16 mixed n=342	471	1	1	488	4997
cs16	utf16 emoji n=342	684	1	1	701	10025
cs16	utf16 ascii n=400	400	1	1	417	2734
cs16	utf16 cyrillic n=400	800	1	1	817	5966
cs16	utf16 cjk n=400	1200	1	1	1217	3779
cs16	utf16 mixed n=400	550	1	1	567	5668
cs16	utf16 emoji n=400	800	1	1	817	11537
cs16	utf16 ascii n=512	512	1	1	529	3400
cs16	utf16 cyrillic n=512	1024	1	1	1041	7423
cs16	utf16 cjk n=512	1536	1	1	1553	4620
cs16	utf16 mixed n=512	704	1	1	721	7125
cs16	utf16 emoji n=512	1024	1	1	1041	14674
cs16	utf16 ascii n=513	513	1	1	530	3453
cs16	utf16 cyrillic n=513	1026	1	1	1043	3364
cs16	utf16 cjk n=513	1539	1	1	1556	4684
cs16	utf16 mixed n=513	705	1	1	722	7147
cs16	utf16 ascii n=1000	1000	1	1	1017	6423
cs16	utf16 cyrillic n=1000	2000	1	1	2017	5836
cs16	utf16 cjk n=1000	3000	1	1	3017	8372
cs16	utf16 mixed n=1000	1375	1	1	1392	8038
cs16	utf16 emoji n=1000	2000	1	1	2017	20430
cs16	utf16 ascii n=1024	1024	1	1	1041	6456
cs16	utf16 cyrillic n=1024	2048	1	1	2065	5880
cs16	utf16 cjk n=1024	3072	1	1	3089	8476
cs16	utf16 mixed n=1024	1408	1	1	1425	8142
cs16	utf16 emoji n=1024	2048	1	1	2065	20811
cs16	utf16 ascii n=1025	1025	1	1	1042	2386
cs16	utf16 cyrillic n=1025	2050	1	1	2067	5940
cs16	utf16 cjk n=1025	3075	1	1	3092	8540
cs16	utf16 mixed n=1025	1409	1	1	1426	8160
cs16	utf16 ascii n=4096	4096	1	1	4113	8385
cs16	utf16 cyrillic n=4096	8192	1	1	8209	21336
cs16	utf16 cjk n=4096	12288	1	1	12305	31612
cs16	utf16 mixed n=4096	5632	1	1	5649	31278
cs16	utf16 emoji n=4096	8192	1	1	8209	82347
cs16	utf16 ascii n=65536	65536	1	1	65553	129345
cs16	utf16 cyrillic n=65536	131072	1	1	131089	330456
cs16	utf16 cjk n=65536	196608	1	1	196625	494332
cs16	utf16 mixed n=65536	90112	1	1	90129	493998
cs16	utf16 emoji n=65536	131072	1	1	131089	1313067
cs16	utf16 cjk + unpaired at end, lenient n=1	3	1	1	20	351
cs16	utf16 cjk + unpaired at end, strict n=1	-2	0	0	0	149
cs16	utf16 cjk + unpaired at end, replacing n=1	3	1	1	20	351
cs16	utf16 ascii + unpaired at start, lenient n=1	3	1	1	20	351
cs16	utf16 ascii + unpaired at start, strict n=1	-2	0	0	0	149
cs16	utf16 cjk + unpaired at end, lenient n=8	24	1	1	41	830
cs16	utf16 cjk + unpaired at end, strict n=8	-2	0	0	0	343
cs16	utf16 cjk + unpaired at end, replacing n=8	24	1	1	41	830
cs16	utf16 ascii + unpaired at start, lenient n=8	10	1	1	27	448
cs16	utf16 ascii + unpaired at start, strict n=8	-2	0	0	0	154
cs16	utf16 cjk + unpaired at end, lenient n=32	96	1	1	113	2347
cs16	utf16 cjk + unpaired at end, strict n=32	-2	0	0	0	876
cs16	utf16 cjk + unpaired at end, replacing n=32	96	1	1	113	2347
cs16	utf16 ascii + unpaired at start, lenient n=32	34	1	1	51	709
cs16	utf16 ascii + unpaired at start, strict n=32	-2	0	0	0	193
cs16	utf16 cjk + unpaired at end, lenient n=341	1023	1	1	1040	16999
cs16	utf16 cjk + unpaired at end, strict n=341	-2	0	0	0	2859
cs16	utf16 cjk + unpaired at end, replacing n=341	1023	1	1	1040	16999
cs16	utf16 ascii + unpaired at start, lenient n=341	343	1	1	360	3541
cs16	utf16 ascii + unpaired at start, strict n=341	-2	0	0	0	193
cs16	utf16 cjk + unpaired at end, lenient n=342	1026	3	3	3111	17651
cs16	utf16 cjk + unpaired at end, strict n=342	-2	1	1	1042	3409
cs16	utf16 cjk + unpaired at end, replacing n=342	1026	3	3	3111	17651
cs16	utf16 ascii + unpaired at start, lenient n=342	344	2	2	1387	4080
cs16	utf16 ascii + unpaired at start, strict n=342	-2	0	0	0	653
cs16	utf16 cjk + unpaired at end, lenient n=1000	3000	3	3	9033	49605
cs16	utf16 cjk + unpaired at end, strict n=1000	-2	1	1	3016	8385
cs16	utf16 cjk + unpaired at end, replacing n=1000	3000	3	3	9033	49605
cs16	utf16 ascii + unpaired at start, lenient n=1000	1002	2	2	4019	10758
cs16	utf16 ascii + unpaired at start, strict n=1000	-2	0	0	0	1227
cs16	utf16 cjk + unpaired at end, lenient n=4096	12288	2	2	24611	199717
cs16	utf16 cjk + unpaired at end, strict n=4096	-2	1	1	12306	31622
cs16	utf16 cjk + unpaired at end, replacing n=4096	12288	2	2	24611	199717
cs16	utf16 ascii + unpaired at start, lenient n=4096	4098	3	3	20517	42187
cs16	utf16 ascii + unpaired at start, strict n=4096	-2	1	1	4114	4018
